locus_id,population,ra,dec,n_det,num_mag_values,num_alerts,timespan_d,brightest_mag,n_distinct_ssname,frac_det_ssname,mag_minus_ssmagnr,ndethist_med,distnr_med_as,hist_span_d,stellar_cats,galaxy_cats,var_cats,tags,verdict,reason
ANT20222ko6002pughw,state_file,346.9973,-3.21943,2,2,27,1339.2,18.15,2,1.0,0.29,1.5,11.05,670.0,,,,lc_feature_extractor;refitt_newsources_snrcut;sso_candidates;sso_confirmed,SSO_BLEND,2 different asteroid designations merged into one locus
ANT20222qcpy6w8p1xl,state_file,330.59474,-8.42511,2,2,22,1342.1,18.94,2,1.0,0.28,1.5,6.07,671.0,,,,lc_feature_extractor;refitt_newsources_snrcut;sso_candidates;sso_confirmed,SSO_BLEND,2 different asteroid designations merged into one locus
ANT2021gd4nc,state_file,211.01672,-4.40008,2,2,59,1928.7,19.17,2,1.0,0.24,1.5,2.18,964.0,,,,lc_feature_extractor;refitt_newsources_snrcut;sso_candidates;sso_confirmed,SSO_BLEND,2 different asteroid designations merged into one locus
ANT20229da585kudl0b,state_file,303.27478,-23.09175,3,3,21,1330.3,18.19,2,1.0,0.4,2,6.64,0.0,bright_guide_star_cat,,,lc_feature_extractor;refitt_newsources_snrcut;sso_candidates;sso_confirmed,SSO_BLEND,2 different asteroid designations merged into one locus
ANT2021fyoxy,state_file,205.0807,-10.90687,2,2,57,1938.8,19.17,2,1.0,0.19,1.5,5.3,969.0,,,,lc_feature_extractor;refitt_newsources_snrcut;sso_candidates;sso_confirmed;young_extragalactic_candidate,SSO_BLEND,2 different asteroid designations merged into one locus
ANT2021f4o6e,state_file,207.6254,-5.83988,2,2,67,1938.8,18.01,2,1.0,0.28,1.5,7.69,969.0,,,,lc_feature_extractor;refitt_newsources_snrcut;sso_candidates;sso_confirmed,SSO_BLEND,2 different asteroid designations merged into one locus
ANT2022i7cpa80mcmwr,state_file,327.71867,-5.69003,4,4,52,1347.2,19.14,2,1.0,0.26,2,5.25,1347.0,,,,lc_feature_extractor;refitt_newsources_snrcut;sso_candidates;sso_confirmed,SSO_BLEND,2 different asteroid designations merged into one locus
ANT2022xz7xvnhyyti0,state_file,305.54782,-23.08967,2,2,44,1363.2,17.77,2,1.0,0.17,1.5,14.43,682.0,,,,lc_feature_extractor;refitt_newsources_snrcut;sso_candidates;sso_confirmed,SSO_BLEND,2 different asteroid designations merged into one locus
ANT2021gx4fu,state_file,222.06115,-9.44588,2,2,65,1940.8,18.59,2,1.0,0.54,1.5,4.3,970.0,,,,lc_feature_extractor;refitt_newsources_snrcut;sso_candidates;sso_confirmed,SSO_BLEND,2 different asteroid designations merged into one locus
ANT2022yrh2cy1nnbe2,state_file,328.86834,-13.39404,3,3,76,1362.2,19.38,2,1.0,0.02,2.5,6.52,681.0,,,,lc_feature_extractor;refitt_newsources_snrcut;sso_candidates;sso_confirmed,SSO_BLEND,2 different asteroid designations merged into one locus
ANT2021fnl4w,state_file,204.96448,2.43115,2,2,73,1950.8,18.29,2,1.0,0.37,1.5,7.39,975.0,,,,lc_feature_extractor;refitt_newsources_snrcut;sso_candidates;sso_confirmed,SSO_BLEND,2 different asteroid designations merged into one locus
ANT20228m95zpdzy2xn,state_file,327.01175,-12.75415,3,3,46,1341.3,18.07,2,1.0,0.33,2.0,11.11,671.0,,,,lc_feature_extractor;refitt_newsources_snrcut;sso_candidates;sso_confirmed,SSO_BLEND,2 different asteroid designations merged into one locus
ANT20222lxdbe85q7mb,state_file,325.46915,-12.38866,2,2,55,1337.2,18.28,2,1.0,0.36,1.5,9.17,669.0,,,,lc_feature_extractor;refitt_newsources_snrcut;sso_candidates;sso_confirmed,SSO_BLEND,2 different asteroid designations merged into one locus
ANT2022tqpr9l0z1ki5,state_file,332.88116,-6.31184,3,3,76,1362.2,18.54,2,1.0,0.46,2,9.76,1362.0,,,,lc_feature_extractor;refitt_newsources_snrcut;sso_candidates,SSO_BLEND,2 different asteroid designations merged into one locus
ANT202210tfevlb671j,state_file,315.22013,-11.01359,2,2,65,1342.3,19.15,1,0.5,0.05,1.5,6.51,671.0,,,,lc_feature_extractor;refitt_newsources_snrcut;sso_candidates;sso_confirmed,SSO_SINGLE,"one asteroid, magnitude consistent with MPC prediction, no positional history"
ANT2021gdyra,state_file,250.95481,-9.02909,2,2,68,1942.8,19.4,2,1.0,0.45,1.5,6.55,971.0,,,,lc_feature_extractor;refitt_newsources_snrcut;sso_candidates;sso_confirmed,SSO_BLEND,2 different asteroid designations merged into one locus
ANT2021gedmm,state_file,193.43287,-1.25953,2,2,45,1942.7,16.49,2,1.0,0.34,1.5,15.97,971.0,,,,in_shadow_virgo;lc_feature_extractor;refitt_newsources_snrcut;sso_candidates;sso_confirmed,SSO_BLEND,2 different asteroid designations merged into one locus
ANT2022b7pnxeddicwd,state_file,356.76766,-3.73655,37,37,139,1419.0,19.71,1,0.03,0.21,22,0.33,651.0,allwise;bright_guide_star_cat,,,high_flux_ratio_wrt_nn;lc_feature_extractor;sso_candidates;sso_confirmed,STATIONARY_UNTYPED,"fixed-position source: deep history and/or reference counterpart, no variability catalogue"
ANT2022xz02ptn8tnf4,state_file,354.26828,-5.43825,2,2,31,1340.2,15.69,2,1.0,0.28,1.5,7.44,670.0,,,,lc_feature_extractor;refitt_newsources_snrcut;sso_candidates;sso_confirmed,SSO_BLEND,2 different asteroid designations merged into one locus
ANT2022bz3ifz5nbxpk,state_file,13.12864,7.81661,2,2,27,1349.2,18.07,2,1.0,0.39,1.5,3.62,675.0,galex,,,lc_feature_extractor;refitt_newsources_snrcut;sso_candidates;sso_confirmed,SSO_BLEND,2 different asteroid designations merged into one locus
ANT20229kw426eiprxl,state_file,333.12811,7.92035,2,2,58,1350.2,18.7,2,1.0,0.19,1.5,15.07,675.0,,,,lc_feature_extractor;refitt_newsources_snrcut;sso_candidates;sso_confirmed,SSO_BLEND,2 different asteroid designations merged into one locus
ANT2022ti05ecyepg8e,state_file,341.71467,-2.11156,2,2,40,1338.2,19.09,2,1.0,0.32,1.5,7.04,669.0,,,,lc_feature_extractor;refitt_newsources_snrcut;sso_candidates;sso_confirmed,SSO_BLEND,2 different asteroid designations merged into one locus
ANT20222pombjdgszus,state_file,321.84904,-18.41233,2,2,49,1356.2,19.91,2,1.0,0.32,1.5,9.11,678.0,,,,lc_feature_extractor;refitt_newsources_snrcut;sso_candidates;sso_confirmed,SSO_BLEND,2 different asteroid designations merged into one locus
ANT2022bk69wkzhgzyl,state_file,329.43256,-5.67622,2,2,67,1355.1,19.89,2,1.0,0.4,1.5,8.17,678.0,,,,lc_feature_extractor;refitt_newsources_snrcut;sso_candidates;sso_confirmed,SSO_BLEND,2 different asteroid designations merged into one locus
ANT202240olui5huq4m,state_file,19.22744,9.24308,2,2,54,1369.1,19.66,2,1.0,0.19,1.5,4.4,685.0,,,,lc_feature_extractor;refitt_newsources_snrcut;sso_candidates,SSO_BLEND,2 different asteroid designations merged into one locus
ANT20227coz0c2r5bdd,state_file,301.35723,-20.36632,3,3,104,1367.1,18.89,2,1.0,0.27,3,8.98,1367.0,allwise,,,lc_feature_extractor;refitt_newsources_snrcut;sso_candidates;sso_confirmed,SSO_BLEND,2 different asteroid designations merged into one locus
ANT2022kt3xs0jeja8m,state_file,19.21144,17.5226,2,2,44,1358.2,19.11,2,1.0,0.15,1.5,7.74,679.0,,,,lc_feature_extractor;refitt_newsources_snrcut;sso_candidates;sso_confirmed,SSO_BLEND,2 different asteroid designations merged into one locus
ANT20226sv1avxkbmlx,state_file,317.06584,-6.27608,3,3,221,1356.2,19.72,2,1.0,0.21,2,6.09,0.0,,,,lc_feature_extractor;refitt_newsources_snrcut;sso_candidates;sso_confirmed,SSO_BLEND,2 different asteroid designations merged into one locus
ANT2022hganxu7h8jdm,state_file,324.14255,-12.46395,2,2,62,1371.2,17.61,2,1.0,0.19,1.5,7.66,686.0,,,,lc_feature_extractor;refitt_newsources_snrcut;sso_candidates;sso_confirmed,SSO_BLEND,2 different asteroid designations merged into one locus
ANT2022i459mb9wczhb,state_file,3.83535,10.58733,2,2,41,1369.1,12.99,2,1.0,0.38,1.5,5.12,685.0,allwise,,,lc_feature_extractor;refitt_newsources_snrcut;sso_candidates;sso_confirmed,SSO_BLEND,2 different asteroid designations merged into one locus
ANT20229nuovj58mjnq,state_file,287.41304,-17.36329,5,5,248,1349.2,18.33,3,1.0,0.35,3,6.35,3.0,,,,lc_feature_extractor;refitt_newsources_snrcut;sso_candidates;sso_confirmed,SSO_BLEND,3 different asteroid designations merged into one locus
ANT2022zn88pqnh01cr,state_file,33.16838,14.7711,2,2,54,1349.2,19.1,2,1.0,0.42,1.5,4.88,675.0,,,,lc_feature_extractor;refitt_newsources_snrcut;sso_candidates;sso_confirmed,SSO_BLEND,2 different asteroid designations merged into one locus
ANT2022ml5rsntapr3t,state_file,348.80719,-12.1072,2,2,28,1370.2,20.04,2,1.0,0.58,1.5,16.32,685.0,,,,lc_feature_extractor;refitt_newsources_snrcut;sso_candidates;sso_confirmed,SSO_BLEND,2 different asteroid designations merged into one locus
ANT2022rpzdp8qjvjr3,state_file,352.1609,-1.28553,2,2,36,1376.1,19.37,2,1.0,0.49,1.5,10.62,688.0,,,,lc_feature_extractor;sso_candidates,SSO_BLEND,2 different asteroid designations merged into one locus
ANT2022xqitn38e7pu3,state_file,340.85667,-15.78747,2,2,18,1374.1,17.73,1,0.5,0.37,1,9.19,0.0,,,,lc_feature_extractor;refitt_newsources_snrcut;sso_candidates;sso_confirmed,SSO_SINGLE,"one asteroid, magnitude consistent with MPC prediction, no positional history"
ANT2022oj1i21eo4386,state_file,329.76672,-14.57524,2,2,30,1364.1,19.52,1,0.5,0.08,1,12.87,0.0,,,,lc_feature_extractor;sso_candidates;sso_confirmed,SSO_SINGLE,"one asteroid, magnitude consistent with MPC prediction, no positional history"
ANT2022s27cgmbroswn,state_file,344.71859,-5.7553,2,2,19,1367.2,16.8,1,0.5,0.5,1,8.67,0.0,,,,lc_feature_extractor;refitt_newsources_snrcut;sso_candidates;sso_confirmed,SSO_SINGLE,"one asteroid, magnitude consistent with MPC prediction, no positional history"
ANT2022khups49jnalf,state_file,351.16485,-5.03887,4,4,35,1377.1,20.11,1,0.5,0.36,2,9.44,0.0,,,,lc_feature_extractor;refitt_newsources_snrcut;sso_candidates;sso_confirmed,SSO_SINGLE,"one asteroid, magnitude consistent with MPC prediction, no positional history"
ANT2022jwmcw88etrrk,state_file,305.80319,-24.92083,3,3,33,1378.1,19.42,1,0.33,0.62,1,2.0,0.0,,,,lc_feature_extractor;lsst_scimma_quality_transient;refitt_newsources_snrcut;sso_candidates;sso_confirmed,SSO_SINGLE,"one asteroid, magnitude consistent with MPC prediction, no positional history"
ANT2022379wrz7dzqho,state_file,312.52755,-20.39007,2,2,24,1348.1,18.34,1,0.5,0.36,1,0.41,0.0,,,,high_flux_ratio_wrt_nn;lc_feature_extractor;lsst_scimma_quality_transient;sso_candidates;sso_confirmed,SSO_SINGLE,"one asteroid, magnitude consistent with MPC prediction, no positional history"
ANT20229wptwl3q8l9x,state_file,33.513,13.0928,2,2,27,1381.1,17.8,2,1.0,0.16,1.5,10.48,691.0,,,,lc_feature_extractor;refitt_newsources_snrcut;sso_candidates;sso_confirmed,SSO_BLEND,2 different asteroid designations merged into one locus
ANT2022ifkxs51l0v6k,state_file,39.71979,17.41273,2,2,19,1363.1,17.42,2,1.0,0.38,1.5,9.02,682.0,,,,lc_feature_extractor;refitt_newsources_snrcut;sso_candidates;sso_confirmed,SSO_BLEND,2 different asteroid designations merged into one locus
ANT2022od3q1szplhyc,state_file,33.41697,16.87252,2,2,30,1371.1,14.5,2,1.0,0.4,1.5,5.29,686.0,allwise;galex,sdss_gals,,extragalactic;lc_feature_extractor;refitt_newsources_snrcut;sso_candidates,SSO_BLEND,2 different asteroid designations merged into one locus
ANT2022afph2qfhxggs,state_file,347.84222,-10.98517,2,2,19,1380.1,19.29,1,0.5,0.39,1,5.25,0.0,,,,lc_feature_extractor;refitt_newsources_snrcut;sso_candidates;sso_confirmed,SSO_SINGLE,"one asteroid, magnitude consistent with MPC prediction, no positional history"
ANT2022z6l9ythnpba1,state_file,354.2868,-6.93081,2,2,17,1372.1,17.5,1,0.5,0.4,1,0.44,0.0,allwise,,,high_flux_ratio_wrt_nn;lc_feature_extractor;lsst_scimma_quality_transient;sso_candidates;sso_confirmed,SSO_SINGLE,"one asteroid, magnitude consistent with MPC prediction, no positional history"
ANT2022m2c8woybhqij,state_file,342.52993,-10.50867,2,2,17,1360.1,18.49,1,0.5,0.21,1,5.98,0.0,,,,lc_feature_extractor;lsst_scimma_quality_transient;refitt_newsources_snrcut;sso_candidates;sso_confirmed,SSO_SINGLE,"one asteroid, magnitude consistent with MPC prediction, no positional history"
ANT2022sfyaqc9mex64,state_file,351.22171,-5.57928,2,2,37,1367.1,20.19,1,0.5,0.39,1,11.28,0.0,,,,lc_feature_extractor;refitt_newsources_snrcut;sso_candidates;sso_confirmed,SSO_SINGLE,"one asteroid, magnitude consistent with MPC prediction, no positional history"
ANT20228scj1ojnahtt,state_file,357.60073,-1.19317,2,2,24,1350.2,19.49,1,0.5,0.11,1,3.35,0.0,,,,lc_feature_extractor;refitt_newsources_snrcut;sso_candidates;sso_confirmed,SSO_SINGLE,"one asteroid, magnitude consistent with MPC prediction, no positional history"
ANT2022m2soxl18y4dg,state_file,302.90132,-5.06271,2,2,90,1361.2,16.22,2,1.0,0.33,1.5,6.58,681.0,,,,lc_feature_extractor;refitt_newsources_snrcut;sso_candidates;sso_confirmed,SSO_BLEND,2 different asteroid designations merged into one locus
ANT2021fsu4k,state_file,37.96201,15.97731,2,2,19,1962.3,18.58,2,1.0,0.24,1.5,6.61,981.0,,,,lc_feature_extractor;refitt_newsources_snrcut;sso_candidates;sso_confirmed,SSO_BLEND,2 different asteroid designations merged into one locus
ANT2022pnkzi9cklm4e,state_file,353.22823,1.02526,3,3,83,1373.1,16.82,2,1.0,0.08,2,12.66,1373.0,,,,lc_feature_extractor;refitt_newsources_snrcut;sso_candidates;sso_confirmed,SSO_BLEND,2 different asteroid designations merged into one locus
ANT2022eq9az89wq5bb,state_file,34.59845,8.3442,2,2,28,1372.1,16.76,2,1.0,0.21,1.5,6.14,686.0,,,,lc_feature_extractor;refitt_newsources_snrcut;sso_candidates,SSO_BLEND,2 different asteroid designations merged into one locus
ANT20223tfto5hw3i03,state_file,11.57605,3.33854,2,2,30,1380.1,19.31,2,1.0,0.21,1.5,8.27,690.0,,,,lc_feature_extractor;refitt_newsources_snrcut;sso_candidates;sso_confirmed,SSO_BLEND,2 different asteroid designations merged into one locus
ANT202258l2d2dbr7fw,state_file,15.18583,13.401,2,2,32,1382.0,18.76,2,1.0,0.26,1.5,6.22,691.0,,,,lc_feature_extractor;refitt_newsources_snrcut;sso_candidates;sso_confirmed,SSO_BLEND,2 different asteroid designations merged into one locus
ANT2022zj43g07ni31z,state_file,46.35481,8.72582,2,2,22,1369.0,17.78,2,1.0,0.32,1.5,12.76,685.0,,,,lc_feature_extractor;refitt_newsources_snrcut;sso_candidates;sso_confirmed,SSO_BLEND,2 different asteroid designations merged into one locus
ANT2022rj7k7v7gnv8c,state_file,330.97153,-11.56134,2,2,20,1373.1,20.29,1,0.5,0.31,1,8.64,0.0,,,,lc_feature_extractor;refitt_newsources_snrcut;sso_candidates;sso_confirmed,SSO_SINGLE,"one asteroid, magnitude consistent with MPC prediction, no positional history"
ANT2022our8rxbhdq58,state_file,316.57968,-24.50139,3,3,25,1368.2,19.38,1,0.33,0.42,1,0.63,0.0,allwise,,,high_flux_ratio_wrt_nn;lc_feature_extractor;sso_candidates;sso_confirmed,SSO_SINGLE,"one asteroid, magnitude consistent with MPC prediction, no positional history"
ANT20223663v78gptcp,state_file,61.76843,24.06086,2,2,20,1383.0,15.24,2,1.0,0.27,1.5,6.89,692.0,,,,lc_feature_extractor;refitt_newsources_snrcut;sso_candidates;sso_confirmed,SSO_BLEND,2 different asteroid designations merged into one locus
ANT2022818g32ld1hw1,state_file,328.77178,-12.2291,2,2,79,1374.2,17.57,2,1.0,0.33,1.5,7.02,687.0,,,,lc_feature_extractor;refitt_newsources_snrcut;sso_candidates;sso_confirmed,SSO_BLEND,2 different asteroid designations merged into one locus
ANT2022bzr3cyrmnhx3,state_file,331.39106,-4.99793,3,3,84,1370.2,15.75,2,1.0,0.32,2,5.74,1370.0,,,,lc_feature_extractor;refitt_newsources_snrcut;sso_candidates;sso_confirmed,SSO_BLEND,2 different asteroid designations merged into one locus
ANT2022f9yku18vbsxr,state_file,339.48771,-16.65774,2,2,41,1380.1,17.21,2,1.0,0.24,1.5,8.65,690.0,,,,lc_feature_extractor;refitt_newsources_snrcut;sso_candidates;sso_confirmed,SSO_BLEND,2 different asteroid designations merged into one locus
ANT2022wshgo8fzbfud,state_file,304.37729,-16.68395,2,2,20,1375.1,19.52,1,0.5,0.38,1,9.98,0.0,,,,lc_feature_extractor;lsst_scimma_quality_transient;refitt_newsources_snrcut;sso_candidates;sso_confirmed,SSO_SINGLE,"one asteroid, magnitude consistent with MPC prediction, no positional history"
ANT2022s0njh0mixbgn,state_file,1.09916,2.79656,2,2,48,1388.2,17.49,2,1.0,0.45,1.5,2.5,694.0,,,,lc_feature_extractor;refitt_newsources_snrcut;sso_candidates;sso_confirmed,SSO_BLEND,2 different asteroid designations merged into one locus
ANT20224l0q9k9ipbkr,state_file,355.22093,-0.29765,2,2,33,1390.2,17.04,2,1.0,0.15,1.5,6.43,695.0,,,,lc_feature_extractor;refitt_newsources_snrcut;sso_candidates;sso_confirmed,SSO_BLEND,2 different asteroid designations merged into one locus
ANT20227xy2ph04exsx,state_file,344.61265,-8.25247,2,2,30,1387.2,19.09,2,1.0,0.45,1.5,6.57,694.0,,,,lc_feature_extractor;refitt_newsources_snrcut;sso_candidates;sso_confirmed,SSO_BLEND,2 different asteroid designations merged into one locus
ANT20228h9r0sgch72c,state_file,344.83621,-2.82657,2,2,55,1388.1,19.29,2,1.0,0.19,1.5,14.9,694.0,,,,lc_feature_extractor;refitt_newsources_snrcut;sso_candidates;sso_confirmed,SSO_BLEND,2 different asteroid designations merged into one locus
ANT2022mq743a1lo6l2,state_file,307.48795,-9.11249,2,2,84,1387.1,18.23,2,1.0,0.39,1.5,7.94,694.0,,,,lc_feature_extractor;refitt_newsources_snrcut;sso_candidates;sso_confirmed,SSO_BLEND,2 different asteroid designations merged into one locus
ANT2022r90u3kgbqapq,state_file,312.79388,-10.92038,3,3,20,1383.1,18.56,1,0.67,0.21,2,2.68,0.0,gaia_dr2,,,high_flux_ratio_wrt_nn;lc_feature_extractor;sso_candidates;sso_confirmed,SSO_SINGLE,"one asteroid, magnitude consistent with MPC prediction, no positional history"
ANT2022iks0vt2t3min,state_file,345.85623,-19.96221,2,2,35,1379.2,19.37,2,1.0,0.2,1.5,15.13,690.0,,,,lc_feature_extractor;refitt_newsources_snrcut;sso_candidates;sso_confirmed,SSO_BLEND,2 different asteroid designations merged into one locus
ANT2022jaa78xa20aw3,state_file,342.6332,-7.29285,2,2,51,1367.2,15.79,2,1.0,0.29,1.5,11.87,684.0,,,,high_snr;lc_feature_extractor;refitt_newsources_snrcut;sso_candidates;sso_confirmed,SSO_BLEND,2 different asteroid designations merged into one locus
ANT20223zhr0ss72lk3,state_file,347.06229,-0.18548,2,2,18,1383.1,19.19,1,0.5,0.29,1,10.21,0.0,,,,lc_feature_extractor;refitt_newsources_snrcut;sso_candidates;sso_confirmed,SSO_SINGLE,"one asteroid, magnitude consistent with MPC prediction, no positional history"
ANT2022ufjrddhszq7k,state_file,347.26632,-4.69725,2,2,20,1376.1,19.12,1,0.5,0.28,1,5.11,0.0,,,,lc_feature_extractor;refitt_newsources_snrcut;sso_candidates;sso_confirmed,SSO_SINGLE,"one asteroid, magnitude consistent with MPC prediction, no positional history"
ANT2022zc7j1x0lu2n0,state_file,347.8157,-6.46214,2,2,18,1379.0,20.05,1,0.5,0.45,1,11.66,0.0,,,,lc_feature_extractor;refitt_newsources_snrcut;sso_candidates;sso_confirmed,SSO_SINGLE,"one asteroid, magnitude consistent with MPC prediction, no positional history"
ANT2022o972osyjly7v,state_file,315.98875,-12.76522,2,2,20,1378.1,19.31,1,0.5,0.41,1,11.27,0.0,allwise,,,lc_feature_extractor;refitt_newsources_snrcut;sso_candidates;sso_confirmed,SSO_SINGLE,"one asteroid, magnitude consistent with MPC prediction, no positional history"
ANT2022wms5emi848vc,state_file,315.7361,-19.94493,3,3,155,1375.3,18.08,2,1.0,0.32,3,10.24,1375.0,,,,lc_feature_extractor;refitt_newsources_snrcut;sso_candidates;sso_confirmed,SSO_BLEND,2 different asteroid designations merged into one locus
ANT2022e24x613qa4w7,state_file,350.81714,-3.15904,2,2,61,1392.1,18.91,2,1.0,0.36,1.5,5.92,696.0,,,,lc_feature_extractor;refitt_newsources_snrcut;sso_candidates;sso_confirmed,SSO_BLEND,2 different asteroid designations merged into one locus
ANT2022zv6uphjusfmx,state_file,310.5404,-25.30028,2,2,17,1390.2,19.84,1,0.5,0.44,1,7.98,0.0,,,,lc_feature_extractor;refitt_newsources_snrcut;sso_candidates;sso_confirmed,SSO_SINGLE,"one asteroid, magnitude consistent with MPC prediction, no positional history"
ANT2022kzltfm5mprxq,state_file,323.70293,-14.7403,2,2,17,1378.0,19.9,1,0.5,0.4,1,11.18,0.0,,,,lc_feature_extractor;lsst_scimma_quality_transient;refitt_newsources_snrcut;sso_candidates;sso_confirmed,SSO_SINGLE,"one asteroid, magnitude consistent with MPC prediction, no positional history"
ANT2022u2yv2qgn4ahv,state_file,352.48278,-8.20304,2,2,27,1378.2,17.3,2,1.0,0.35,1.5,3.24,689.0,,,,lc_feature_extractor;refitt_newsources_snrcut;sso_candidates;sso_confirmed,SSO_BLEND,2 different asteroid designations merged into one locus
ANT20220etjrmr97ssu,state_file,345.33308,-2.34518,2,2,65,1385.1,19.29,2,1.0,0.23,1.5,7.16,693.0,,,,lc_feature_extractor;refitt_newsources_snrcut;sso_candidates,SSO_BLEND,2 different asteroid designations merged into one locus
ANT2022y3s5dqqrxgfm,state_file,305.70461,-16.78995,2,2,43,1363.2,19.48,2,1.0,0.08,1.5,8.21,682.0,,,,lc_feature_extractor;refitt_newsources_snrcut;sso_candidates;sso_confirmed,SSO_BLEND,2 different asteroid designations merged into one locus
ANT20226maww4a8dfej,state_file,337.82594,-13.80368,3,3,19,1391.0,20.09,1,0.33,0.11,1,17.23,0.0,,,,lc_feature_extractor;lsst_scimma_quality_transient;refitt_newsources_snrcut;sso_candidates,SSO_SINGLE,"one asteroid, magnitude consistent with MPC prediction, no positional history"
ANT2022rzfyx30mgq1n,state_file,292.95198,-26.80334,2,2,14,1388.1,15.38,1,0.5,0.08,1,4.33,0.0,,,,lc_feature_extractor;refitt_newsources_snrcut;sso_candidates;sso_confirmed,SSO_SINGLE,"one asteroid, magnitude consistent with MPC prediction, no positional history"
ANT2022kzhzuywe4fh0,state_file,332.73468,-9.08622,2,2,48,1384.2,18.57,2,1.0,0.21,1.5,8.36,692.0,,,,lc_feature_extractor;refitt_newsources_snrcut;sso_candidates;sso_confirmed,SSO_BLEND,2 different asteroid designations merged into one locus
ANT2021gxjsm,state_file,209.75217,-4.17114,2,2,15,1965.7,16.04,1,0.5,0.36,1,11.04,0.0,,,,lc_feature_extractor;refitt_newsources_snrcut;sso_candidates;sso_confirmed,SSO_SINGLE,"one asteroid, magnitude consistent with MPC prediction, no positional history"
ANT2022afh64wuvluny,state_file,48.44731,18.47089,2,2,42,1395.1,18.4,2,1.0,0.19,1.5,12.37,698.0,,,,lc_feature_extractor;refitt_newsources_snrcut;sso_candidates;sso_confirmed,SSO_BLEND,2 different asteroid designations merged into one locus
ANT2022uzvfj1i6c5j2,state_file,355.2098,-0.59083,3,3,55,1363.2,18.91,2,1.0,0.21,2,1.94,0.0,,sdss_gals,,extragalactic;lc_feature_extractor;refitt_newsources_snrcut;sso_candidates;sso_confirmed,SSO_BLEND,2 different asteroid designations merged into one locus
ANT2022yhsijykx5oob,state_file,4.69183,-5.38116,2,2,35,1387.1,18.57,2,1.0,0.31,1.5,5.74,694.0,,,,lc_feature_extractor;refitt_newsources_snrcut;sso_candidates;sso_confirmed,SSO_BLEND,2 different asteroid designations merged into one locus
ANT2022m2fct3avkytw,state_file,337.22891,-11.5305,2,2,78,1385.2,18.48,2,1.0,0.45,1.5,2.98,693.0,,,,lc_feature_extractor;refitt_newsources_snrcut;sso_candidates;sso_confirmed,SSO_BLEND,2 different asteroid designations merged into one locus
ANT2022r5gmdh5sk1kf,state_file,341.4009,-14.28424,2,2,14,1380.1,19.11,1,0.5,0.41,1,15.98,0.0,allwise;gaia_dr2,,,lc_feature_extractor;lsst_scimma_quality_transient;refitt_newsources_snrcut;sso_candidates;sso_confirmed,SSO_SINGLE,"one asteroid, magnitude consistent with MPC prediction, no positional history"
ANT20221rht3koxdv4w,state_file,0.85459,-3.05069,2,2,40,1387.1,18.82,2,1.0,0.25,1.5,7.3,694.0,,,,lc_feature_extractor;refitt_newsources_snrcut;sso_candidates,SSO_BLEND,2 different asteroid designations merged into one locus
ANT2022zm3yfm4utmop,state_file,47.32296,22.74859,2,2,48,1397.1,19.28,2,1.0,0.49,2.0,6.91,1372.0,allwise,,,lc_feature_extractor;refitt_newsources_snrcut;sso_candidates;sso_confirmed,SSO_BLEND,2 different asteroid designations merged into one locus
ANT2022j45esp27r8fa,state_file,22.39802,10.66188,2,2,43,1368.1,19.51,2,1.0,0.27,1.5,8.66,684.0,,,,lc_feature_extractor;refitt_newsources_snrcut;sso_candidates;sso_confirmed,SSO_BLEND,2 different asteroid designations merged into one locus
ANT2022hvmla4wr4bgt,state_file,350.02843,-4.8936,2,2,65,1394.1,19.63,2,1.0,0.28,1.5,8.14,697.0,,,,lc_feature_extractor;refitt_newsources_snrcut;sso_candidates;sso_confirmed,SSO_BLEND,2 different asteroid designations merged into one locus
ANT2022zsnfatc1bde2,state_file,343.01884,-13.3037,2,2,93,1383.2,20.08,2,1.0,0.23,1.5,15.22,692.0,,,,lc_feature_extractor;refitt_newsources_snrcut;sso_candidates;sso_confirmed,SSO_BLEND,2 different asteroid designations merged into one locus
ANT2022ntvyh4wzqye6,state_file,332.96432,-7.72081,2,2,51,1386.2,18.97,2,1.0,0.28,1.5,5.62,693.0,,,,lc_feature_extractor;refitt_newsources_snrcut;sso_candidates;sso_confirmed,SSO_BLEND,2 different asteroid designations merged into one locus
ANT2022v1hjq3ligfez,state_file,333.18235,-9.68548,2,2,52,1396.2,18.44,2,1.0,0.29,1.5,7.3,698.0,,,,lc_feature_extractor;sso_candidates;sso_confirmed,SSO_BLEND,2 different asteroid designations merged into one locus
ANT20220aay30v7xffv,state_file,303.4389,-25.43709,2,2,57,1395.1,19.02,2,1.0,0.25,1.5,6.16,698.0,,,,lc_feature_extractor;refitt_newsources_snrcut;sso_candidates;sso_confirmed,SSO_BLEND,2 different asteroid designations merged into one locus
ANT2022z3tynklye7sg,state_file,298.54153,-19.7262,2,2,88,1371.2,18.62,2,1.0,0.41,1.5,5.0,686.0,,,,lc_feature_extractor;refitt_newsources_snrcut;sso_candidates;sso_confirmed,SSO_BLEND,2 different asteroid designations merged into one locus
ANT2022t68n674hqvih,state_file,336.78122,-15.2705,2,2,95,1393.1,16.04,2,1.0,0.17,1.5,11.4,697.0,,,,lc_feature_extractor;refitt_newsources_snrcut;sso_candidates;sso_confirmed,SSO_BLEND,2 different asteroid designations merged into one locus
ANT2022v7h7qi0ogl0u,state_file,1.81651,-6.80852,2,2,60,1386.1,19.52,2,1.0,0.28,1.5,3.03,693.0,,,,lc_feature_extractor;refitt_newsources_snrcut;sso_candidates;sso_confirmed,SSO_BLEND,2 different asteroid designations merged into one locus
ANT2022f4uy2el7u94u,state_file,1.1944,2.89255,2,2,62,1388.1,17.96,2,1.0,0.47,1.5,12.13,694.0,,,,lc_feature_extractor;refitt_newsources_snrcut;sso_candidates;sso_confirmed,SSO_BLEND,2 different asteroid designations merged into one locus
ANT20225il41yfn0qf3,state_file,79.9916,24.37791,3,3,54,1404.0,17.44,3,1.0,0.37,2,13.19,798.0,,,,lc_feature_extractor;refitt_newsources_snrcut;sso_candidates,SSO_BLEND,3 different asteroid designations merged into one locus
ANT2022o3t1ydr62eoz,state_file,344.16789,-2.42147,3,3,119,1388.2,16.75,2,1.0,0.61,4,9.48,1388.0,,,,lc_feature_extractor;refitt_newsources_snrcut;sso_candidates;sso_confirmed,SSO_BLEND,2 different asteroid designations merged into one locus
ANT20223zu66u0ntk70,state_file,348.23901,-2.15748,2,2,50,1396.2,19.48,2,1.0,0.33,1.5,8.13,698.0,,,,lc_feature_extractor;refitt_newsources_snrcut;sso_candidates,SSO_BLEND,2 different asteroid designations merged into one locus
ANT2022vpiy1ubnr4j5,state_file,339.35035,-11.62751,2,2,74,1400.2,18.71,2,1.0,0.28,2.0,7.85,1024.0,,,,lc_feature_extractor;refitt_newsources_snrcut;sso_candidates;sso_confirmed,SSO_BLEND,2 different asteroid designations merged into one locus
ANT2022yboile4juknc,state_file,306.2632,-20.44874,2,2,78,1397.2,19.32,2,1.0,0.24,1.5,3.54,699.0,,,,lc_feature_extractor;refitt_newsources_snrcut;sso_candidates;sso_confirmed,SSO_BLEND,2 different asteroid designations merged into one locus
ANT20222i31vz039fqv,state_file,296.85284,-21.81207,2,2,40,1374.1,17.94,2,1.0,0.24,1.5,10.02,687.0,,,,lc_feature_extractor;refitt_newsources_snrcut;sso_candidates;sso_confirmed,SSO_BLEND,2 different asteroid designations merged into one locus
ANT2022tiimmn4dbful,state_file,65.50848,16.61299,2,2,25,1393.0,18.04,2,1.0,0.47,1.5,10.22,697.0,,,,lc_feature_extractor;refitt_newsources_snrcut;sso_candidates;sso_confirmed,SSO_BLEND,2 different asteroid designations merged into one locus
ANT2022tlk1higu5go7,state_file,55.34144,15.90395,2,2,26,1403.0,18.96,2,1.0,0.53,1.5,8.94,702.0,,,,lc_feature_extractor;refitt_newsources_snrcut;sso_candidates;sso_confirmed,SSO_BLEND,2 different asteroid designations merged into one locus
ANT20225sabh2o0pdpp,state_file,40.92054,16.68385,2,2,35,1390.1,19.23,2,1.0,0.51,1.5,10.11,695.0,,,,lc_feature_extractor;refitt_newsources_snrcut;sso_candidates;sso_confirmed,SSO_BLEND,2 different asteroid designations merged into one locus
ANT2022ji6nj58bg77f,state_file,357.6201,-10.23162,2,2,46,1388.2,19.26,2,1.0,0.26,1.5,9.4,694.0,,,,lc_feature_extractor;refitt_newsources_snrcut;sso_candidates;sso_confirmed,SSO_BLEND,2 different asteroid designations merged into one locus
ANT2022g2q6gd7k421y,state_file,335.71412,-7.68382,2,2,77,1392.2,19.4,2,1.0,0.17,1.5,14.04,696.0,,,,lc_feature_extractor;refitt_newsources_snrcut;sso_candidates,SSO_BLEND,2 different asteroid designations merged into one locus
ANT2022n48jpvvysdwc,state_file,9.96093,8.65582,2,2,49,1388.1,19.13,2,1.0,0.21,2.0,8.55,694.0,,,,lc_feature_extractor;refitt_newsources_snrcut;sso_candidates;sso_confirmed,SSO_BLEND,2 different asteroid designations merged into one locus
ANT20221upwj1f3sf2h,state_file,319.54941,-18.71145,2,2,64,1398.2,18.24,2,1.0,0.22,1.5,3.5,699.0,,,,lc_feature_extractor;refitt_newsources_snrcut;sso_candidates;sso_confirmed,SSO_BLEND,2 different asteroid designations merged into one locus
ANT2022xkt0efgp20zl,state_file,7.91129,11.95032,2,2,49,1391.2,18.07,2,1.0,0.31,1.5,1.43,696.0,allwise;gaia_dr2,,,lc_feature_extractor;sso_candidates;sso_confirmed,SSO_BLEND,2 different asteroid designations merged into one locus
ANT20228axu3i6rr4ff,state_file,15.23302,13.4797,2,2,41,1389.1,18.97,2,1.0,0.48,1.5,2.04,695.0,,,,lc_feature_extractor;refitt_newsources_snrcut;sso_candidates;sso_confirmed,SSO_BLEND,2 different asteroid designations merged into one locus
ANT2022i8e1y19nkx2y,state_file,19.66501,5.58803,2,2,27,1402.1,19.13,2,1.0,0.13,2.0,1.52,1052.0,allwise;bright_guide_star_cat,,,lc_feature_extractor;sso_candidates;sso_confirmed,SSO_BLEND,2 different asteroid designations merged into one locus
ANT20223ybfji91ueuf,state_file,23.50118,12.01195,2,2,33,1400.1,19.03,2,1.0,0.4,1.5,5.0,700.0,,,,lc_feature_extractor;refitt_newsources_snrcut;sso_candidates;sso_confirmed,SSO_BLEND,2 different asteroid designations merged into one locus
ANT2022406h0f3t4jy9,state_file,8.61292,1.58041,2,2,34,1403.1,19.44,2,1.0,0.1,1.5,9.33,702.0,,,,lc_feature_extractor;refitt_newsources_snrcut;sso_candidates;sso_confirmed,SSO_BLEND,2 different asteroid designations merged into one locus
ANT2022fksdkg3uy3no,state_file,24.04316,6.97632,2,2,27,1404.1,19.44,2,1.0,0.31,1.5,8.68,702.0,,,,lc_feature_extractor;refitt_newsources_snrcut;sso_candidates;sso_confirmed,SSO_BLEND,2 different asteroid designations merged into one locus
ANT2022u2wf6661uncu,state_file,0.87883,2.32879,2,2,66,1372.2,18.42,2,1.0,0.36,1.5,7.98,686.0,,,,lc_feature_extractor;refitt_newsources_snrcut;sso_candidates;sso_confirmed,SSO_BLEND,2 different asteroid designations merged into one locus
ANT2022adknpulzrwk8,state_file,359.20862,2.06815,2,2,65,1377.1,19.72,2,1.0,0.41,1.5,16.72,689.0,,,,lc_feature_extractor;refitt_newsources_snrcut;sso_candidates;sso_confirmed,SSO_BLEND,2 different asteroid designations merged into one locus
ANT2022lcr3li6ac8dv,state_file,332.81986,-13.62825,2,2,58,1390.1,19.32,2,1.0,0.43,1.5,5.28,695.0,,,,lc_feature_extractor;refitt_newsources_snrcut;sso_candidates;sso_confirmed,SSO_BLEND,2 different asteroid designations merged into one locus
ANT20224fb21mb7lwc1,state_file,326.49994,-12.1542,2,2,156,1372.2,19.27,2,1.0,0.38,1.5,5.61,686.0,allwise,,,lc_feature_extractor;refitt_newsources_snrcut;sso_candidates;sso_confirmed,SSO_BLEND,2 different asteroid designations merged into one locus
ANT2022aov4az5dfs3q,state_file,318.62074,-18.59692,2,2,63,1405.0,17.67,2,1.0,0.1,1.5,5.76,702.0,,,,lc_feature_extractor;refitt_newsources_snrcut;sso_candidates;sso_confirmed,SSO_BLEND,2 different asteroid designations merged into one locus
ANT20224ydawwyjxqw2,state_file,18.22546,20.25102,2,2,51,1375.2,19.63,2,1.0,0.32,1.5,6.24,688.0,,,,lc_feature_extractor;refitt_newsources_snrcut;sso_candidates;sso_confirmed,SSO_BLEND,2 different asteroid designations merged into one locus
ANT2022fuzorhenrz2a,state_file,325.05023,-3.46506,2,2,83,1407.1,19.22,2,1.0,0.28,1.5,7.5,704.0,,,,lc_feature_extractor;refitt_newsources_snrcut;sso_candidates;sso_confirmed,SSO_BLEND,2 different asteroid designations merged into one locus
ANT20227ledr85alfrx,state_file,313.71022,-22.50112,2,2,46,1395.2,17.88,2,1.0,0.33,1.5,8.44,698.0,,,,lc_feature_extractor;refitt_newsources_snrcut;sso_candidates;sso_confirmed,SSO_BLEND,2 different asteroid designations merged into one locus
ANT202268tpfmxnyf69,state_file,23.03065,22.5152,2,2,48,1400.1,16.09,2,1.0,0.67,1.5,1.79,700.0,,,,lc_feature_extractor;refitt_newsources_snrcut;sso_candidates;sso_confirmed,SSO_BLEND,2 different asteroid designations merged into one locus
ANT20225szk6nqpx0mz,state_file,329.44782,1.11817,2,2,85,1393.2,18.8,2,1.0,0.21,1.5,7.4,697.0,,,,lc_feature_extractor;refitt_newsources_snrcut;sso_candidates;sso_confirmed,SSO_BLEND,2 different asteroid designations merged into one locus
ANT202204lutoup1z56,state_file,12.87225,2.31977,2,2,49,1378.1,18.11,2,1.0,0.11,1.5,9.05,689.0,,,,lc_feature_extractor;refitt_newsources_snrcut;sso_candidates;sso_confirmed,SSO_BLEND,2 different asteroid designations merged into one locus
ANT2022zxpd76ugxns8,state_file,10.29135,7.19199,2,2,47,1396.1,18.35,2,1.0,0.26,1.5,11.8,698.0,,,,lc_feature_extractor;refitt_newsources_snrcut;sso_candidates;sso_confirmed,SSO_BLEND,2 different asteroid designations merged into one locus
ANT20222ntejgc6tulu,state_file,348.34249,7.57162,2,2,68,1401.1,17.21,2,1.0,0.21,1.5,7.36,701.0,,,,lc_feature_extractor;refitt_newsources_snrcut;sso_candidates,SSO_BLEND,2 different asteroid designations merged into one locus
ANT2022xyt0xx68b3mw,state_file,322.24876,-10.42747,2,2,70,1408.1,16.27,2,1.0,0.43,1.5,11.89,704.0,,,,lc_feature_extractor;refitt_newsources_snrcut;sso_candidates;sso_confirmed,SSO_BLEND,2 different asteroid designations merged into one locus
ANT20228d6nq0wvwmbw,state_file,354.79198,-2.96178,3,3,108,1406.2,17.39,2,1.0,0.3,2,8.88,0.0,,,,lc_feature_extractor;refitt_newsources_snrcut;sso_candidates;sso_confirmed,SSO_BLEND,2 different asteroid designations merged into one locus
ANT2022lnrhrudlbj70,state_file,29.83474,18.18418,2,2,45,1398.1,19.91,2,1.0,0.17,1.5,6.0,699.0,,,,lc_feature_extractor;refitt_newsources_snrcut;sso_candidates;sso_confirmed,SSO_BLEND,2 different asteroid designations merged into one locus
ANT2022s06uen1rpcv9,state_file,323.15409,0.45173,2,2,131,1405.1,17.71,2,1.0,0.54,1.5,10.5,703.0,sdss_stars,,,lc_feature_extractor;refitt_newsources_snrcut;sso_candidates;sso_confirmed,SSO_BLEND,2 different asteroid designations merged into one locus
ANT2022dxv3xa7gplof,state_file,48.39223,22.94947,2,2,35,1397.0,17.93,2,1.0,0.2,1.5,9.43,699.0,,,,lc_feature_extractor;refitt_newsources_snrcut;sso_candidates;sso_confirmed,SSO_BLEND,2 different asteroid designations merged into one locus
ANT20224g1hu60zh8ha,state_file,345.71405,-21.03748,2,2,28,1411.1,19.14,2,1.0,0.31,1.5,7.59,706.0,,,,lc_feature_extractor;refitt_newsources_snrcut;sso_candidates;sso_confirmed,SSO_BLEND,2 different asteroid designations merged into one locus
ANT2022g42xwen5axbn,state_file,306.73417,-13.42725,3,3,130,1415.1,18.54,2,1.0,0.48,2,7.06,0.0,,,,lc_feature_extractor;refitt_newsources_snrcut;sso_candidates;sso_confirmed,SSO_BLEND,2 different asteroid designations merged into one locus
ANT20223w3h4qlj5ofk,state_file,313.32837,-16.50923,2,2,60,1385.1,18.6,2,1.0,0.28,1.5,13.47,693.0,,,,lc_feature_extractor;refitt_newsources_snrcut;sso_candidates;sso_confirmed,SSO_BLEND,2 different asteroid designations merged into one locus
ANT20226you41r3bghl,state_file,314.26245,-20.70413,2,2,95,1388.1,18.22,2,1.0,0.39,1.5,4.36,694.0,,,,lc_feature_extractor;refitt_newsources_snrcut;sso_candidates;sso_confirmed,SSO_BLEND,2 different asteroid designations merged into one locus
ANT20223x8w7n59rt69,state_file,48.52178,18.44787,2,2,61,1417.1,19.33,2,1.0,0.29,1.5,6.47,709.0,,,,lc_feature_extractor;refitt_newsources_snrcut;sso_candidates;sso_confirmed,SSO_BLEND,2 different asteroid designations merged into one locus
ANT20224s8f8ze8mgs0,state_file,340.2488,-17.54127,2,2,55,1417.2,18.91,2,1.0,0.32,1.5,4.39,709.0,,,,lc_feature_extractor;refitt_newsources_snrcut;sso_candidates;sso_confirmed,SSO_BLEND,2 different asteroid designations merged into one locus
ANT2022cp1kw5yy6rac,state_file,347.07669,-3.63405,2,2,65,1400.2,18.54,2,1.0,0.4,1.5,7.48,700.0,,,,lc_feature_extractor;refitt_newsources_snrcut;sso_candidates;sso_confirmed,SSO_BLEND,2 different asteroid designations merged into one locus
ANT20224z2x2b00mubv,state_file,0.56074,-3.01234,2,2,66,1385.2,16.95,2,1.0,0.4,1.5,9.52,693.0,,,,lc_feature_extractor;refitt_newsources_snrcut;sso_candidates;sso_confirmed,SSO_BLEND,2 different asteroid designations merged into one locus
ANT20228h7q3a6jxg5r,state_file,45.83612,19.4297,2,2,36,1406.9,18.76,2,1.0,0.48,1.5,5.01,703.0,,,,lc_feature_extractor;refitt_newsources_snrcut;sso_candidates;sso_confirmed,SSO_BLEND,2 different asteroid designations merged into one locus
ANT20221f1rj3tadoaq,state_file,49.51832,24.35058,2,2,32,1409.0,18.04,2,1.0,0.34,1.5,8.85,704.0,,,,lc_feature_extractor;refitt_newsources_snrcut;sso_candidates;sso_confirmed,SSO_BLEND,2 different asteroid designations merged into one locus
ANT202275y80iu04ywj,state_file,341.79661,1.00224,2,2,123,1413.0,19.33,2,1.0,0.43,1.5,3.84,707.0,,,,lc_feature_extractor;refitt_newsources_snrcut;sso_candidates;sso_confirmed,SSO_BLEND,2 different asteroid designations merged into one locus
ANT2022c1pqvhscliwd,state_file,321.64244,-10.88704,2,2,74,1404.1,19.25,2,1.0,0.26,1.5,3.08,702.0,,,,lc_feature_extractor;sso_candidates;sso_confirmed,SSO_BLEND,2 different asteroid designations merged into one locus
ANT2022wu7u5ppfjr7x,state_file,329.51524,-11.14904,2,2,79,1414.0,18.35,2,1.0,0.23,1.5,9.78,707.0,,,,lc_feature_extractor;refitt_newsources_snrcut;sso_candidates;sso_confirmed,SSO_BLEND,2 different asteroid designations merged into one locus
ANT20226h3pt8kix84y,state_file,318.36038,-16.54941,2,2,74,1386.1,19.23,2,1.0,0.22,1.5,12.79,693.0,,,,lc_feature_extractor;refitt_newsources_snrcut;sso_candidates;sso_confirmed,SSO_BLEND,2 different asteroid designations merged into one locus
ANT2022wq2ugmwmv3oh,state_file,291.58703,-27.63571,2,2,57,1387.2,18.34,2,1.0,0.45,1.5,5.78,694.0,,,,lc_feature_extractor;refitt_newsources_snrcut;sso_candidates;sso_confirmed,SSO_BLEND,2 different asteroid designations merged into one locus
ANT20226lta99qjzevr,state_file,6.01458,17.51816,2,2,59,1415.9,18.42,2,1.0,0.39,1.5,8.96,708.0,,,,lc_feature_extractor;refitt_newsources_snrcut;sso_candidates,SSO_BLEND,2 different asteroid designations merged into one locus
ANT2022jhqt3ubpggbi,state_file,297.78975,-16.8288,2,2,71,1396.2,15.4,2,1.0,0.4,1.5,3.78,698.0,,,,lc_feature_extractor;refitt_newsources_snrcut;sso_candidates;sso_confirmed,SSO_BLEND,2 different asteroid designations merged into one locus
ANT20226zqpli7r8ned,state_file,322.89682,-4.98708,2,2,78,1411.1,18.4,2,1.0,0.36,1.5,12.65,706.0,,,,lc_feature_extractor;refitt_newsources_snrcut;sso_candidates;sso_confirmed,SSO_BLEND,2 different asteroid designations merged into one locus
ANT2022q2n6gkezfa0r,state_file,314.52005,-17.79575,2,2,73,1389.1,19.64,2,1.0,0.31,1.5,12.61,695.0,,,,lc_feature_extractor;refitt_newsources_snrcut;sso_candidates;sso_confirmed,SSO_BLEND,2 different asteroid designations merged into one locus
ANT2022anu2xy69u9uo,state_file,322.8997,-4.98539,2,2,76,1411.1,19.07,2,1.0,0.26,1.5,9.3,706.0,,,,lc_feature_extractor;refitt_newsources_snrcut;sso_candidates;sso_confirmed,SSO_BLEND,2 different asteroid designations merged into one locus
ANT20225gev87eot7vs,state_file,90.81969,24.00823,2,2,27,1416.0,17.99,2,1.0,0.28,1.5,7.5,708.0,,,,lc_feature_extractor;refitt_newsources_snrcut;sso_candidates;sso_confirmed,SSO_BLEND,2 different asteroid designations merged into one locus
ANT2022vx95k8t8j0bl,state_file,20.96537,11.29971,2,2,52,1410.1,20.36,2,1.0,0.24,1.5,0.86,705.0,,,,high_flux_ratio_wrt_nn;lc_feature_extractor;sso_candidates;sso_confirmed,SSO_BLEND,2 different asteroid designations merged into one locus
ANT2022rwgv58agt50a,state_file,24.30396,12.51578,2,2,50,1408.1,18.74,2,1.0,0.33,1.5,7.06,704.0,,,,lc_feature_extractor;refitt_newsources_snrcut;sso_candidates;sso_confirmed,SSO_BLEND,2 different asteroid designations merged into one locus
ANT2022lglzjt97faaa,state_file,344.67149,-13.43554,2,2,91,1404.1,18.67,2,1.0,0.17,1.5,3.72,702.0,,,,lc_feature_extractor;refitt_newsources_snrcut;sso_candidates;sso_confirmed,SSO_BLEND,2 different asteroid designations merged into one locus
ANT20228e93yu4fwo4a,state_file,14.86837,12.35245,2,2,59,1418.1,18.73,2,1.0,0.41,1.5,5.11,709.0,,,,lc_feature_extractor;refitt_newsources_snrcut;sso_candidates;sso_confirmed,SSO_BLEND,2 different asteroid designations merged into one locus
ANT2022vftqxdqxxo5h,state_file,0.55735,3.70562,2,2,62,1419.1,18.49,2,1.0,0.26,1.5,6.54,710.0,,,,lc_feature_extractor;refitt_newsources_snrcut;sso_candidates;sso_confirmed,SSO_BLEND,2 different asteroid designations merged into one locus
ANT2022usgog53ccj1p,state_file,341.91078,-12.06969,2,2,55,1420.0,18.82,2,1.0,0.24,1.5,13.4,710.0,,,,lc_feature_extractor;refitt_newsources_snrcut;sso_candidates;sso_confirmed,SSO_BLEND,2 different asteroid designations merged into one locus
ANT2022mtaeqaeel49u,state_file,27.91426,2.46864,2,2,41,1420.0,18.08,2,1.0,0.23,1.5,8.61,710.0,,,,lc_feature_extractor;refitt_newsources_snrcut;sso_candidates;sso_confirmed,SSO_BLEND,2 different asteroid designations merged into one locus
ANT2022yaw7fg9v3kex,state_file,9.82993,-0.3247,2,2,55,1409.1,19.57,2,1.0,0.26,1.5,6.16,705.0,,,,lc_feature_extractor;sso_candidates,SSO_BLEND,2 different asteroid designations merged into one locus
ANT2022tw81cn9gge4i,state_file,39.18759,16.23887,2,2,42,1411.1,19.05,2,1.0,0.19,1.5,6.73,706.0,,,,lc_feature_extractor;refitt_newsources_snrcut;sso_candidates;sso_confirmed,SSO_BLEND,2 different asteroid designations merged into one locus
ANT20223gqsr4gtm8cn,state_file,357.93364,-7.24721,2,2,58,1414.1,19.48,2,1.0,0.14,1.5,11.01,707.0,,,,lc_feature_extractor;refitt_newsources_snrcut;sso_candidates;sso_confirmed,SSO_BLEND,2 different asteroid designations merged into one locus
ANT2021flbms,state_file,72.79046,25.92128,2,2,44,2007.3,18.86,2,1.0,0.33,1.5,8.97,1004.0,,,,lc_feature_extractor;refitt_newsources_snrcut;sso_candidates;sso_confirmed,SSO_BLEND,2 different asteroid designations merged into one locus
ANT2022lqg267z64nqj,state_file,12.21596,12.46409,2,2,126,1414.0,17.66,2,1.0,0.22,2.0,11.53,707.0,,,,lc_feature_extractor;refitt_newsources_snrcut;sso_candidates,SSO_BLEND,2 different asteroid designations merged into one locus
ANT2022qc99euqk1llk,state_file,30.07083,4.80168,2,2,34,1418.0,19.38,2,1.0,0.19,1.5,3.57,709.0,,,,lc_feature_extractor;refitt_newsources_snrcut;sso_candidates;sso_confirmed,SSO_BLEND,2 different asteroid designations merged into one locus
ANT20226aq5jk2q3ecy,state_file,16.61107,4.81029,2,2,62,1418.0,19.46,2,1.0,0.29,1.5,7.25,709.0,,,,lc_feature_extractor;refitt_newsources_snrcut;sso_candidates;sso_confirmed,SSO_BLEND,2 different asteroid designations merged into one locus
ANT2022cy07ppgrwpiw,state_file,13.28975,-3.21388,2,2,50,1399.1,18.7,2,1.0,0.34,1.5,4.75,700.0,,,,lc_feature_extractor;sso_candidates;sso_confirmed,SSO_BLEND,2 different asteroid designations merged into one locus
ANT2022b94ehij9umzk,state_file,349.38721,-11.43855,2,2,62,1410.1,17.12,2,1.0,0.33,1.5,4.56,705.0,,,,lc_feature_extractor;refitt_newsources_snrcut;sso_candidates;sso_confirmed,SSO_BLEND,2 different asteroid designations merged into one locus
ANT202207rel6ho9gg1,state_file,329.95219,-16.29128,2,2,118,1414.0,18.57,2,1.0,0.33,1.5,7.91,707.0,,,,lc_feature_extractor;refitt_newsources_snrcut;sso_candidates;sso_confirmed,SSO_BLEND,2 different asteroid designations merged into one locus
ANT20223mdof9azbga2,state_file,101.5603,28.25856,2,2,41,1412.0,18.92,2,1.0,0.25,1.5,3.98,706.0,gaia_dr2;sdss_stars,,,lc_feature_extractor;refitt_newsources_snrcut;sso_candidates;sso_confirmed,SSO_BLEND,2 different asteroid designations merged into one locus
ANT202283qhjat5wvjb,state_file,36.23263,27.73885,2,2,56,1411.1,20.3,2,1.0,0.53,1.5,8.93,706.0,,,,lc_feature_extractor;refitt_newsources_snrcut;sso_candidates;sso_confirmed,SSO_BLEND,2 different asteroid designations merged into one locus
ANT20220398d07xkpub,state_file,27.13929,8.17786,3,3,103,1397.1,18.15,2,1.0,0.17,1,10.81,0.0,,,,lc_feature_extractor;refitt_newsources_snrcut;sso_candidates;sso_confirmed,SSO_BLEND,2 different asteroid designations merged into one locus
ANT20229v463en04fb1,state_file,17.4488,8.18842,2,2,65,1409.0,19.07,2,1.0,0.15,1.5,17.62,704.0,,,,lc_feature_extractor;refitt_newsources_snrcut;sso_candidates;sso_confirmed,SSO_BLEND,2 different asteroid designations merged into one locus
ANT2022dhmmi2ugrupv,state_file,358.13249,4.2444,2,2,73,1396.2,18.81,2,1.0,0.57,1.5,22.91,698.0,,,,lc_feature_extractor;refitt_newsources_snrcut;sso_candidates;sso_confirmed,SSO_BLEND,2 different asteroid designations merged into one locus
ANT2022eyrnj2qxr5gn,state_file,295.69765,-15.44203,2,2,71,1402.1,18.45,2,1.0,0.15,1.5,5.77,701.0,,,,lc_feature_extractor;refitt_newsources_snrcut;sso_candidates;sso_confirmed,SSO_BLEND,2 different asteroid designations merged into one locus
ANT202257hrc70ihj4u,state_file,313.84718,2.933,2,2,83,1429.0,18.2,2,1.0,0.46,1.5,6.88,714.0,,,,lc_feature_extractor;sso_candidates;sso_confirmed,SSO_BLEND,2 different asteroid designations merged into one locus
ANT2022o6lz50q210ib,state_file,318.2351,-13.7521,2,2,65,1417.1,18.91,2,1.0,0.26,1.5,9.78,709.0,,,,lc_feature_extractor;refitt_newsources_snrcut;sso_candidates;sso_confirmed,SSO_BLEND,2 different asteroid designations merged into one locus
ANT2022t2jm75f4th7x,state_file,29.70145,5.61031,2,2,82,1418.1,18.39,2,1.0,0.19,1.5,5.34,709.0,,,,lc_feature_extractor;refitt_newsources_snrcut;sso_candidates;sso_confirmed,SSO_BLEND,2 different asteroid designations merged into one locus
ANT2022ci5uy7g0vubu,state_file,47.58831,17.48604,2,2,43,1417.0,19.57,2,1.0,0.36,1.5,7.14,709.0,,,,lc_feature_extractor;refitt_newsources_snrcut;sso_candidates;sso_confirmed,SSO_BLEND,2 different asteroid designations merged into one locus
ANT20225qmxrlqqqf8u,state_file,34.60171,14.0724,2,2,44,1416.0,18.59,2,1.0,0.28,1.5,12.39,708.0,,,,lc_feature_extractor;refitt_newsources_snrcut;sso_candidates;sso_confirmed,SSO_BLEND,2 different asteroid designations merged into one locus
ANT20223v6si4xygtsy,state_file,31.95049,4.76024,2,2,34,1416.0,20.19,2,1.0,0.44,1.5,4.66,708.0,,,,lc_feature_extractor;refitt_newsources_snrcut;sso_candidates,SSO_BLEND,2 different asteroid designations merged into one locus
ANT2022l3oit7105qw5,state_file,353.42433,-2.4828,2,2,63,1423.2,19.52,2,1.0,0.34,1.5,11.03,712.0,,,,lc_feature_extractor;refitt_newsources_snrcut;sso_candidates;sso_confirmed,SSO_BLEND,2 different asteroid designations merged into one locus
ANT2022saioyrm2nrb7,state_file,20.37258,4.41434,2,2,66,1425.0,16.96,2,1.0,0.4,1.5,14.98,712.0,,,,lc_feature_extractor;refitt_newsources_snrcut;sso_candidates;sso_confirmed,SSO_BLEND,2 different asteroid designations merged into one locus
ANT2022gm1nsrepqlde,state_file,17.64679,4.31703,2,2,62,1420.0,17.62,2,1.0,0.37,1.5,11.17,710.0,,,,lc_feature_extractor;refitt_newsources_snrcut;sso_candidates,SSO_BLEND,2 different asteroid designations merged into one locus
ANT2022ntlh8w3fgnwo,state_file,356.56231,1.82783,2,2,65,1418.0,17.12,2,1.0,0.27,1.5,5.31,709.0,,,,lc_feature_extractor;refitt_newsources_snrcut;sso_candidates;sso_confirmed,SSO_BLEND,2 different asteroid designations merged into one locus
ANT2022x51y21yykg1w,state_file,329.77559,-17.43001,2,2,124,1417.1,16.77,2,1.0,0.22,1.5,9.77,709.0,,,,lc_feature_extractor;refitt_newsources_snrcut;sso_candidates;sso_confirmed,SSO_BLEND,2 different asteroid designations merged into one locus
ANT2018b7ory,alerted,283.64934,-12.14995,472,472,948,2975.9,15.76,3,0.01,3.18,658.5,0.23,2305.0,2mass_psc;allwise;bright_guide_star_cat;gaia_dr2;gaia_dr3_gaia_source;gaia_dr3_variability,,gaia_dr3_variability,lc_feature_extractor;sso_candidates,STATIONARY_VARIABLE_STAR,variable-star catalogue/tag + deep detection history at fixed position
ANT2018dr3mm,alerted,264.76417,-17.13354,370,370,706,2931.9,12.32,4,0.02,6.48,335,0.16,2544.0,2mass_psc;allwise;bright_guide_star_cat;gaia_dr2;gaia_dr3_gaia_source;gaia_dr3_variability;vsx,,gaia_dr3_variability;vsx,high_amplitude_variable_star_candidate;high_flux_ratio_wrt_nn;high_snr;lc_feature_extractor;matheson_extreme_vpdf;sso_candidates,STATIONARY_VARIABLE_STAR,variable-star catalogue/tag + deep detection history at fixed position
ANT2018eslz4,alerted,280.42645,-0.38458,367,365,929,2942.9,15.6,2,0.01,3.83,829,0.17,2583.0,2mass_psc;allwise;bright_guide_star_cat;gaia_dr2;gaia_dr3_gaia_source;vsx,,vsx,lc_feature_extractor;sso_candidates,STATIONARY_VARIABLE_STAR,variable-star catalogue/tag + deep detection history at fixed position
ANT2018et2h4,alerted,275.76802,-14.61899,325,325,1003,2931.0,17.43,1,0.0,2.3,374.5,0.28,2576.0,2mass_psc;allwise;bright_guide_star_cat;gaia_dr2;gaia_dr3_gaia_source,,,lc_feature_extractor;sso_candidates,STATIONARY_UNTYPED,"fixed-position source: deep history and/or reference counterpart, no variability catalogue"
ANT2018fkrrw,alerted,293.13668,5.96131,915,915,1409,2925.0,16.49,1,0.0,3.12,818.5,0.29,2573.0,2mass_psc;allwise;bright_guide_star_cat;gaia_dr2;gaia_dr3_gaia_source;gaia_dr3_variability;vsx,,gaia_dr3_variability;vsx,lc_feature_extractor;recent_reddening;sso_candidates,STATIONARY_VARIABLE_STAR,variable-star catalogue/tag + deep detection history at fixed position
ANT2019erg7i,alerted,281.08738,-20.2648,538,536,968,2946.9,14.55,5,0.01,5.08,766,0.19,2599.0,2mass_psc;allwise;asassn_variable_catalog;asassn_variable_catalog_v2_20190802;bright_guide_star_cat;gaia_dr2;gaia_dr3_gaia_source;gaia_dr3_variability;vsx,,asassn_variable_catalog;asassn_variable_catalog_v2_20190802;gaia_dr3_variability;vsx,high_flux_ratio_wrt_nn;high_snr;lc_feature_extractor;sso_candidates,STATIONARY_VARIABLE_STAR,variable-star catalogue/tag + deep detection history at fixed position
ANT2019fobo2,alerted,286.64765,-19.62612,603,603,718,2934.9,16.12,5,0.01,4.31,1119,0.17,2606.0,2mass_psc;allwise;bright_guide_star_cat;gaia_dr2;gaia_dr3_gaia_source;gaia_dr3_variability,,gaia_dr3_variability,lantern_xgboost_t2.0.7_c0.95;lc_feature_extractor;sso_candidates,STATIONARY_VARIABLE_STAR,variable-star catalogue/tag + deep detection history at fixed position
ANT2019gbggc,alerted,277.59545,-20.50899,499,499,1298,2661.9,12.98,5,0.01,5.21,438,5.44,2278.0,2mass_psc;allwise;bright_guide_star_cat;gaia_dr2;gaia_dr3_gaia_source;gaia_dr3_variability,,gaia_dr3_variability,high_amplitude_transient_candidate;high_amplitude_variable_star_candidate;high_flux_ratio_wrt_nn;lc_feature_extractor;matheson_extreme_vpdf;sso_candidates,STATIONARY_VARIABLE_STAR,variable-star catalogue/tag + deep detection history at fixed position
ANT2019lxrqy,alerted,276.11298,-16.16816,172,172,586,2686.8,13.8,2,0.02,1.9,385,0.19,2297.0,2mass_psc;allwise;asassn_variable_catalog;asassn_variable_catalog_v2_20190802;bright_guide_star_cat;gaia_dr2;gaia_dr3_gaia_source;gaia_dr3_variability;vsx,,asassn_variable_catalog;asassn_variable_catalog_v2_20190802;gaia_dr3_variability;vsx,high_amplitude_variable_star_candidate;high_flux_ratio_wrt_nn;lc_feature_extractor;matheson_extreme_vpdf;sso_candidates,STATIONARY_VARIABLE_STAR,variable-star catalogue/tag + deep detection history at fixed position
ANT2019pmfei,alerted,288.85406,-13.47574,718,718,1772,2954.0,15.14,4,0.01,5.13,754,0.45,2637.0,2mass_psc;allwise;asassn_variable_catalog_v2_20190802;bright_guide_star_cat;gaia_dr2;gaia_dr3_gaia_source;gaia_dr3_variability;vsx,,asassn_variable_catalog_v2_20190802;gaia_dr3_variability;vsx,high_snr;lc_feature_extractor;sso_candidates,STATIONARY_VARIABLE_STAR,variable-star catalogue/tag + deep detection history at fixed position
ANT2019tv7to,alerted,284.17057,-12.2248,852,852,1954,2978.8,15.17,2,0.0,3.67,1072.0,0.26,2333.0,2mass_psc;allwise;bright_guide_star_cat;gaia_dr2;gaia_dr3_gaia_source;gaia_dr3_variability;vsx,,gaia_dr3_variability;vsx,lc_feature_extractor;recent_reddening;sso_candidates,STATIONARY_VARIABLE_STAR,variable-star catalogue/tag + deep detection history at fixed position
ANT20202oya,alerted,270.18263,-11.90819,1241,1238,2359,2979.9,13.83,5,0.01,3.6,1646.5,0.27,2568.0,2mass_psc;allwise;bright_guide_star_cat;gaia_dr2;gaia_dr3_gaia_source;gaia_dr3_variability;vsx,,gaia_dr3_variability;vsx,high_snr;lc_feature_extractor;sso_candidates,STATIONARY_VARIABLE_STAR,variable-star catalogue/tag + deep detection history at fixed position
ANT202037ba,alerted,288.40172,0.09526,985,985,1321,2921.0,13.4,2,0.0,2.78,1331,0.21,2488.0,2mass_psc;allwise;asassn_variable_catalog;asassn_variable_catalog_v2_20190802;bright_guide_star_cat;gaia_dr2;gaia_dr3_gaia_source;gaia_dr3_variability;vsx,,asassn_variable_catalog;asassn_variable_catalog_v2_20190802;gaia_dr3_variability;vsx,high_amplitude_variable_star_candidate;high_flux_ratio_wrt_nn;high_snr;lc_feature_extractor;sso_candidates,STATIONARY_VARIABLE_STAR,variable-star catalogue/tag + deep detection history at fixed position
ANT20204vya,alerted,292.66874,-5.77092,509,509,1207,2912.0,15.43,1,0.0,2.26,509,0.17,2438.0,2mass_psc;allwise;asassn_variable_catalog_v2_20190802;bright_guide_star_cat;gaia_dr2;gaia_dr3_gaia_source;gaia_dr3_variability,,asassn_variable_catalog_v2_20190802;gaia_dr3_variability,high_snr;lc_feature_extractor;matheson_extreme_vpdf;sso_candidates,STATIONARY_VARIABLE_STAR,variable-star catalogue/tag + deep detection history at fixed position
ANT2020a3pci,alerted,205.71499,-5.83142,614,613,916,2755.7,16.71,6,0.01,3.66,560.5,0.17,2477.0,2mass_psc;allwise;asassn_variable_catalog;asassn_variable_catalog_v2_20190802;bright_guide_star_cat;gaia_dr2;gaia_dr3_gaia_source;gaia_dr3_variability;vsx,,asassn_variable_catalog;asassn_variable_catalog_v2_20190802;gaia_dr3_variability;vsx,dwarf_nova_outburst;lc_feature_extractor;recent_reddening;sso_candidates,STATIONARY_VARIABLE_STAR,variable-star catalogue/tag + deep detection history at fixed position
ANT2020a4dqq,alerted,262.07198,-20.73765,451,451,1228,2689.8,14.5,5,0.02,2.89,194.5,0.28,1485.0,2mass_psc;allwise;bright_guide_star_cat;gaia_dr2;gaia_dr3_gaia_source;gaia_dr3_variability;vsx,,gaia_dr3_variability;vsx,lc_feature_extractor;sso_candidates,STATIONARY_VARIABLE_STAR,variable-star catalogue/tag + deep detection history at fixed position
ANT2020aer56ti,alerted,130.56007,19.97216,444,443,865,2025.7,17.28,3,0.01,3.08,888,0.18,2509.0,2mass_psc;allwise;bright_guide_star_cat;csdr2;gaia_dr2;gaia_dr3_gaia_source;gaia_dr3_variability;gaia_edr3_distances_bailer_jones;sdss_stars;vsx,,csdr2;gaia_dr3_variability;vsx,lc_feature_extractor;sso_candidates,STATIONARY_VARIABLE_STAR,variable-star catalogue/tag + deep detection history at fixed position
ANT2020aeskehy,alerted,287.89491,-3.32358,1396,1390,2418,2959.9,16.36,4,0.0,3.16,1983,0.42,2489.0,2mass_psc;bright_guide_star_cat;gaia_dr2;gaia_dr3_gaia_source;gaia_dr3_variability;vsx,,gaia_dr3_variability;vsx,lc_feature_extractor;sso_candidates,STATIONARY_VARIABLE_STAR,variable-star catalogue/tag + deep detection history at fixed position
ANT2020af4cq,alerted,291.08672,-10.3305,1499,1499,2074,2968.0,16.95,8,0.01,3.92,1736.0,0.46,2558.0,2mass_psc;allwise;bright_guide_star_cat;gaia_dr2;gaia_dr3_gaia_source;gaia_dr3_variability;vsx,,gaia_dr3_variability;vsx,lc_feature_extractor;sso_candidates,STATIONARY_VARIABLE_STAR,variable-star catalogue/tag + deep detection history at fixed position
ANT2020agmoo,alerted,274.82704,-12.74668,381,381,836,2965.0,13.73,4,0.01,4.17,458.0,0.11,2914.0,2mass_psc;allwise;bright_guide_star_cat;gaia_dr2;gaia_dr3_gaia_source;gaia_dr3_variability;vsx,,gaia_dr3_variability;vsx,high_amplitude_variable_star_candidate;high_flux_ratio_wrt_nn;high_snr;lc_feature_extractor;matheson_extreme_vpdf;sso_candidates,STATIONARY_VARIABLE_STAR,variable-star catalogue/tag + deep detection history at fixed position
ANT2020agmqg,alerted,274.33057,-12.88665,475,475,1100,2981.0,17.64,3,0.01,2.64,610,0.27,2631.0,2mass_psc;bright_guide_star_cat;gaia_dr2;gaia_dr3_gaia_source;gaia_dr3_variability;vsx,,gaia_dr3_variability;vsx,lc_feature_extractor;sso_candidates,STATIONARY_VARIABLE_STAR,variable-star catalogue/tag + deep detection history at fixed position
ANT2020agphi,alerted,272.15674,-10.13644,463,463,982,2948.0,13.36,3,0.01,7.1,665,0.16,2882.0,2mass_psc;allwise;bright_guide_star_cat;gaia_dr2;gaia_dr3_gaia_source;gaia_dr3_variability;vsx,,gaia_dr3_variability;vsx,high_amplitude_variable_star_candidate;high_flux_ratio_wrt_nn;lc_feature_extractor;matheson_extreme_vpdf;sso_candidates,STATIONARY_VARIABLE_STAR,variable-star catalogue/tag + deep detection history at fixed position
ANT2020ahcak,alerted,289.78534,-8.07907,605,605,975,2923.9,15.49,1,0.0,5.31,677,0.28,2275.0,2mass_psc;allwise;bright_guide_star_cat;gaia_dr2;gaia_dr3_gaia_source;gaia_dr3_variability,,gaia_dr3_variability,high_flux_ratio_wrt_nn;lc_feature_extractor;sso_candidates,STATIONARY_VARIABLE_STAR,variable-star catalogue/tag + deep detection history at fixed position
ANT2020ahhcu,alerted,272.19934,-10.43107,495,495,1038,2976.9,16.19,3,0.01,1.38,577,0.18,1911.0,2mass_psc;allwise;bright_guide_star_cat;gaia_dr2;gaia_dr3_gaia_source;gaia_dr3_variability;vsx,,gaia_dr3_variability;vsx,lc_feature_extractor;sso_candidates,STATIONARY_VARIABLE_STAR,variable-star catalogue/tag + deep detection history at fixed position
ANT2020ahlqs,alerted,299.25109,6.30991,1074,1074,1448,2921.1,14.5,1,0.0,5.52,1174,0.22,2371.0,2mass_psc;allwise;asassn_variable_catalog;asassn_variable_catalog_v2_20190802;bright_guide_star_cat;gaia_dr2;gaia_dr3_gaia_source;gaia_dr3_variability;vsx,,asassn_variable_catalog;asassn_variable_catalog_v2_20190802;gaia_dr3_variability;vsx,high_amplitude_variable_star_candidate;high_snr;lc_feature_extractor;sso_candidates,STATIONARY_VARIABLE_STAR,variable-star catalogue/tag + deep detection history at fixed position
ANT2020ajgqi,alerted,228.96015,-11.47492,621,621,920,2774.6,16.05,5,0.01,3.72,821.5,0.22,2583.0,2mass_psc;allwise;asassn_variable_catalog;asassn_variable_catalog_v2_20190802;bright_guide_star_cat;csdr2;gaia_dr2;gaia_dr3_gaia_source;gaia_dr3_variability;vsx,,asassn_variable_catalog;asassn_variable_catalog_v2_20190802;csdr2;gaia_dr3_variability;vsx,dwarf_nova_outburst;high_flux_ratio_wrt_nn;lc_feature_extractor;matheson_extreme_vpdf;sso_candidates,STATIONARY_VARIABLE_STAR,variable-star catalogue/tag + deep detection history at fixed position
ANT2020ajhoc,alerted,230.58057,-8.04099,435,435,918,2948.0,16.11,2,0.0,4.29,475,0.3,2461.0,allwise;bright_guide_star_cat;gaia_dr2;gaia_dr3_gaia_source;gaia_dr3_variability,,gaia_dr3_variability,lc_feature_extractor;recent_reddening;sso_candidates,STATIONARY_VARIABLE_STAR,variable-star catalogue/tag + deep detection history at fixed position
ANT2020ajhzc,alerted,236.06374,-13.48439,768,767,2077,2696.7,17.58,4,0.01,1.03,747.5,0.3,2413.0,2mass_psc;allwise;bright_guide_star_cat;gaia_dr2;gaia_dr3_gaia_source;gaia_dr3_variability;vsx,,gaia_dr3_variability;vsx,lc_feature_extractor;recent_reddening;sso_candidates,STATIONARY_VARIABLE_STAR,variable-star catalogue/tag + deep detection history at fixed position
ANT2020ajnfk,alerted,210.17989,-18.32563,387,387,965,2747.6,16.3,2,0.01,4.11,477.5,0.33,2505.0,2mass_psc;allwise;asassn_variable_catalog;asassn_variable_catalog_v2_20190802;bright_guide_star_cat;csdr2;gaia_dr2;gaia_dr3_gaia_source;gaia_dr3_variability;vsx,,asassn_variable_catalog;asassn_variable_catalog_v2_20190802;csdr2;gaia_dr3_variability;vsx,high_flux_ratio_wrt_nn;lc_feature_extractor;sso_candidates,STATIONARY_VARIABLE_STAR,variable-star catalogue/tag + deep detection history at fixed position
ANT2020ajnxs,alerted,220.1651,-11.60182,601,599,958,2763.6,14.31,3,0.01,4.43,662.0,0.22,2548.0,2mass_psc;allwise;asassn_variable_catalog;asassn_variable_catalog_v2_20190802;bright_guide_star_cat;csdr2;gaia_dr2;gaia_dr3_gaia_source;gaia_dr3_variability;vsx,,asassn_variable_catalog;asassn_variable_catalog_v2_20190802;csdr2;gaia_dr3_variability;vsx,high_snr;lc_feature_extractor;sso_candidates,STATIONARY_VARIABLE_STAR,variable-star catalogue/tag + deep detection history at fixed position
ANT2020ajpw4,alerted,217.76829,-10.32107,619,618,957,2754.7,14.06,3,0.01,6.84,631,0.33,2497.0,2mass_psc;allwise;asassn_variable_catalog;asassn_variable_catalog_v2_20190802;bright_guide_star_cat;csdr2;gaia_dr2;gaia_dr3_gaia_source;vsx,,asassn_variable_catalog;asassn_variable_catalog_v2_20190802;csdr2;vsx,high_snr;lc_feature_extractor;sso_candidates,STATIONARY_VARIABLE_STAR,variable-star catalogue/tag + deep detection history at fixed position
ANT2020alk24,alerted,208.58684,-9.02385,482,480,1183,2736.7,14.0,6,0.01,5.99,502,0.44,2606.0,2mass_psc;allwise;asassn_variable_catalog;asassn_variable_catalog_v2_20190802;bright_guide_star_cat;csdr2;gaia_dr2;gaia_dr3_gaia_source;gaia_dr3_variability;vsx,,asassn_variable_catalog;asassn_variable_catalog_v2_20190802;csdr2;gaia_dr3_variability;vsx,high_snr;lc_feature_extractor;sso_candidates,STATIONARY_VARIABLE_STAR,variable-star catalogue/tag + deep detection history at fixed position
ANT2020am33s,alerted,258.49877,-17.36952,687,687,896,2958.9,12.11,7,0.01,6.63,785.0,0.19,2594.0,2mass_psc;allwise;asassn_variable_catalog;asassn_variable_catalog_v2_20190802;bright_guide_star_cat;gaia_dr2;gaia_dr3_gaia_source;gaia_dr3_variability;vsx,,asassn_variable_catalog;asassn_variable_catalog_v2_20190802;gaia_dr3_variability;vsx,high_amplitude_variable_star_candidate;high_flux_ratio_wrt_nn;high_snr;lc_feature_extractor;matheson_extreme_vpdf;sso_candidates,STATIONARY_VARIABLE_STAR,variable-star catalogue/tag + deep detection history at fixed position
ANT2020am3jm,alerted,273.1516,-14.03995,2194,2194,2733,2686.8,14.95,8,0.01,5.8,2097.5,0.49,2600.0,2mass_psc;bright_guide_star_cat;gaia_dr2;gaia_dr3_gaia_source;gaia_dr3_variability,,gaia_dr3_variability,high_snr;lc_feature_extractor;sso_candidates,STATIONARY_VARIABLE_STAR,variable-star catalogue/tag + deep detection history at fixed position
ANT2020am4ui,alerted,259.17068,-20.50627,328,328,2005,2958.9,18.24,1,0.0,2.62,385,0.2,2623.0,2mass_psc;allwise;bright_guide_star_cat;gaia_dr2;gaia_dr3_gaia_source;gaia_dr3_variability,,gaia_dr3_variability,lc_feature_extractor;sso_candidates,STATIONARY_VARIABLE_STAR,variable-star catalogue/tag + deep detection history at fixed position
ANT2020amnmc,alerted,241.80288,-19.29522,688,688,885,2697.8,16.23,5,0.01,4.21,638.5,0.17,2565.0,2mass_psc;allwise;asassn_variable_catalog;asassn_variable_catalog_v2_20190802;bright_guide_star_cat;csdr2;gaia_dr2;gaia_dr3_gaia_source;gaia_dr3_variability;vsx,,asassn_variable_catalog;asassn_variable_catalog_v2_20190802;csdr2;gaia_dr3_variability;vsx,high_amplitude_variable_star_candidate;high_flux_ratio_wrt_nn;lc_feature_extractor;matheson_extreme_vpdf;sso_candidates,STATIONARY_VARIABLE_STAR,variable-star catalogue/tag + deep detection history at fixed position
ANT2020amo5m,alerted,272.44553,-17.57014,543,542,985,2680.8,17.1,4,0.01,4.09,682,0.25,2616.0,2mass_psc;allwise;bright_guide_star_cat;gaia_dr2;gaia_dr3_gaia_source;gaia_dr3_variability;vsx,,gaia_dr3_variability;vsx,lc_feature_extractor;sso_candidates,STATIONARY_VARIABLE_STAR,variable-star catalogue/tag + deep detection history at fixed position
ANT2020amr4q,alerted,244.66471,-19.14344,616,613,2253,2696.8,17.16,5,0.01,3.62,668,0.34,2623.0,2mass_psc;allwise;bright_guide_star_cat;gaia_dr2;gaia_dr3_gaia_source;gaia_dr3_variability;vsx,,gaia_dr3_variability;vsx,lc_feature_extractor;lsst_scimma_quality_transient;recent_reddening;sso_candidates,STATIONARY_VARIABLE_STAR,variable-star catalogue/tag + deep detection history at fixed position
ANT2020amsxq,alerted,253.96656,-18.67887,631,631,884,2968.0,15.67,4,0.01,4.72,821.0,0.15,2615.0,2mass_psc;allwise;asassn_variable_catalog;asassn_variable_catalog_v2_20190802;bright_guide_star_cat;gaia_dr2;gaia_dr3_gaia_source;gaia_dr3_variability;vsx,,asassn_variable_catalog;asassn_variable_catalog_v2_20190802;gaia_dr3_variability;vsx,high_flux_ratio_wrt_nn;lc_feature_extractor;matheson_extreme_vpdf;sso_candidates,STATIONARY_VARIABLE_STAR,variable-star catalogue/tag + deep detection history at fixed position
ANT2020amwwo,alerted,260.29251,-13.5025,1423,1423,2160,2936.9,11.58,6,0.01,5.19,1896,0.12,2608.0,2mass_psc;allwise;asassn_variable_catalog;asassn_variable_catalog_v2_20190802;bright_guide_star_cat;gaia_dr2;gaia_dr3_gaia_source;gaia_dr3_variability;sdss_stars;vsx,,asassn_variable_catalog;asassn_variable_catalog_v2_20190802;gaia_dr3_variability;vsx,high_amplitude_variable_star_candidate;high_flux_ratio_wrt_nn;high_snr;lc_feature_extractor;sso_candidates,STATIONARY_VARIABLE_STAR,variable-star catalogue/tag + deep detection history at fixed position
ANT2020amzvm,alerted,258.67153,-20.00414,541,541,858,2958.8,15.45,1,0.0,3.89,643,0.16,2595.0,2mass_psc;allwise;bright_guide_star_cat;gaia_dr2;gaia_dr3_gaia_source;gaia_dr3_variability;vsx,,gaia_dr3_variability;vsx,lc_feature_extractor;sso_candidates,STATIONARY_VARIABLE_STAR,variable-star catalogue/tag + deep detection history at fixed position
ANT2020an3mi,alerted,266.24501,-17.45274,826,826,1641,2689.8,14.66,10,0.02,4.15,817,0.3,2606.0,2mass_psc;allwise;bright_guide_star_cat;gaia_dr2;gaia_dr3_gaia_source;gaia_dr3_variability,,gaia_dr3_variability,lc_feature_extractor;sso_candidates,STATIONARY_VARIABLE_STAR,variable-star catalogue/tag + deep detection history at fixed position
ANT2020an426,alerted,266.01888,-17.87705,910,910,1677,2916.0,12.51,3,0.0,6.04,1072,0.14,2579.0,2mass_psc;allwise;asassn_variable_catalog;asassn_variable_catalog_v2_20190802;bright_guide_star_cat;gaia_dr2;gaia_dr3_gaia_source;gaia_dr3_variability;vsx,,asassn_variable_catalog;asassn_variable_catalog_v2_20190802;gaia_dr3_variability;vsx,high_amplitude_variable_star_candidate;high_flux_ratio_wrt_nn;lc_feature_extractor;sso_candidates,STATIONARY_VARIABLE_STAR,variable-star catalogue/tag + deep detection history at fixed position
ANT2020an6ig,alerted,261.1011,-20.74162,638,638,1367,2958.9,16.69,4,0.01,2.38,855.5,0.23,2526.0,2mass_psc;allwise;bright_guide_star_cat;gaia_dr2;gaia_dr3_gaia_source;gaia_dr3_variability,,gaia_dr3_variability,lc_feature_extractor;matheson_extreme_vpdf;sso_candidates,STATIONARY_VARIABLE_STAR,variable-star catalogue/tag + deep detection history at fixed position
ANT2020anbdu,alerted,261.07274,-17.94317,548,548,850,2926.0,13.86,3,0.01,3.97,467.5,0.15,2571.0,2mass_psc;allwise;bright_guide_star_cat;gaia_dr2;gaia_dr3_gaia_source;gaia_dr3_variability;vsx,,gaia_dr3_variability;vsx,lc_feature_extractor;sso_candidates,STATIONARY_VARIABLE_STAR,variable-star catalogue/tag + deep detection history at fixed position
ANT2020anbfo,alerted,258.92178,-20.23391,947,946,1647,2961.9,14.6,14,0.02,3.05,1049,0.25,2615.0,2mass_psc;allwise;bright_guide_star_cat;gaia_dr2;gaia_dr3_gaia_source;gaia_dr3_variability,,gaia_dr3_variability,lc_feature_extractor;sso_candidates,STATIONARY_VARIABLE_STAR,variable-star catalogue/tag + deep detection history at fixed position
ANT2020aniau,alerted,262.93936,-15.51169,611,611,966,2923.0,14.26,4,0.01,4.05,748.5,0.31,2561.0,2mass_psc;allwise;asassn_variable_catalog;asassn_variable_catalog_v2_20190802;bright_guide_star_cat;gaia_dr2;gaia_dr3_gaia_source;gaia_dr3_variability;vsx,,asassn_variable_catalog;asassn_variable_catalog_v2_20190802;gaia_dr3_variability;vsx,high_snr;lc_feature_extractor;sso_candidates,STATIONARY_VARIABLE_STAR,variable-star catalogue/tag + deep detection history at fixed position
ANT2020anjms,alerted,261.74029,-18.22901,508,508,899,2926.0,14.09,7,0.02,5.46,523.0,0.19,2534.0,2mass_psc;allwise;bright_guide_star_cat;gaia_dr2;gaia_dr3_gaia_source;gaia_dr3_variability;vsx,,gaia_dr3_variability;vsx,high_snr;lc_feature_extractor;sso_candidates,STATIONARY_VARIABLE_STAR,variable-star catalogue/tag + deep detection history at fixed position
ANT2020anlfs,alerted,261.78436,-19.50035,473,471,875,2893.0,15.14,2,0.0,4.62,662,0.21,2522.0,2mass_psc;allwise;asassn_variable_catalog_v2_20190802;bright_guide_star_cat;gaia_dr2;gaia_dr3_gaia_source;gaia_dr3_variability;vsx,,asassn_variable_catalog_v2_20190802;gaia_dr3_variability;vsx,high_snr;lc_feature_extractor;sso_candidates,STATIONARY_VARIABLE_STAR,variable-star catalogue/tag + deep detection history at fixed position
ANT2020anpi4,alerted,262.45231,-19.72794,256,256,670,2678.8,14.46,4,0.02,2.43,298,0.46,2300.0,2mass_psc;allwise;bright_guide_star_cat;gaia_dr2;gaia_dr3_gaia_source;gaia_dr3_variability,,gaia_dr3_variability,lc_feature_extractor;sso_candidates,STATIONARY_VARIABLE_STAR,variable-star catalogue/tag + deep detection history at fixed position
ANT2020anzzy,alerted,269.90231,-16.12235,604,604,814,2667.8,13.93,2,0.0,6.31,719,0.09,2596.0,2mass_psc;allwise;asassn_variable_catalog;asassn_variable_catalog_v2_20190802;bright_guide_star_cat;gaia_dr2;gaia_dr3_gaia_source;gaia_dr3_variability;vsx,,asassn_variable_catalog;asassn_variable_catalog_v2_20190802;gaia_dr3_variability;vsx,high_amplitude_variable_star_candidate;high_flux_ratio_wrt_nn;lc_feature_extractor;sso_candidates,STATIONARY_VARIABLE_STAR,variable-star catalogue/tag + deep detection history at fixed position
ANT2020aonyg,alerted,278.0497,-8.55977,820,820,1281,2933.0,15.78,3,0.01,2.61,955.5,0.27,2563.0,2mass_psc;allwise;bright_guide_star_cat;gaia_dr2;gaia_dr3_gaia_source,,,lc_feature_extractor;sso_candidates,STATIONARY_UNTYPED,"fixed-position source: deep history and/or reference counterpart, no variability catalogue"
ANT2020aoofs,alerted,278.40673,-7.46064,333,333,1730,2957.8,17.43,2,0.01,2.34,834.0,0.39,2547.0,2mass_psc;bright_guide_star_cat;gaia_dr2;gaia_dr3_gaia_source;vsx,,vsx,lc_feature_extractor;sso_candidates,STATIONARY_VARIABLE_STAR,variable-star catalogue/tag + deep detection history at fixed position
ANT2020aoqqi,alerted,282.00615,-12.08562,604,603,1204,2907.1,14.31,4,0.01,5.12,759.0,0.3,2435.0,2mass_psc;allwise;bright_guide_star_cat;gaia_dr2;gaia_dr3_gaia_source;gaia_dr3_variability;vsx,,gaia_dr3_variability;vsx,high_flux_ratio_wrt_nn;lc_feature_extractor;matheson_extreme_vpdf;sso_candidates,STATIONARY_VARIABLE_STAR,variable-star catalogue/tag + deep detection history at fixed position
ANT2020aorki,alerted,281.68505,-12.52878,746,746,1105,2978.9,14.05,1,0.01,3.5,935.0,0.1,2529.0,2mass_psc;allwise;asassn_variable_catalog;asassn_variable_catalog_v2_20190802;bright_guide_star_cat;gaia_dr2;gaia_dr3_gaia_source;gaia_dr3_variability;vsx,,asassn_variable_catalog;asassn_variable_catalog_v2_20190802;gaia_dr3_variability;vsx,lc_feature_extractor;sso_candidates,STATIONARY_VARIABLE_STAR,variable-star catalogue/tag + deep detection history at fixed position
ANT2020aossi,alerted,278.2557,-9.36053,330,327,1554,2924.0,17.04,1,0.01,3.76,611.0,0.33,2331.0,2mass_psc;bright_guide_star_cat;gaia_dr2;gaia_dr3_gaia_source;gaia_dr3_variability;vsx,,gaia_dr3_variability;vsx,lc_feature_extractor;sso_candidates,STATIONARY_VARIABLE_STAR,variable-star catalogue/tag + deep detection history at fixed position
ANT2020aovxu,alerted,281.8278,-12.60913,807,807,1176,2924.0,16.01,6,0.01,4.0,915.5,0.22,2470.0,2mass_psc;allwise;bright_guide_star_cat;gaia_dr2;gaia_dr3_gaia_source;gaia_dr3_variability;vsx,,gaia_dr3_variability;vsx,lc_feature_extractor;sso_candidates,STATIONARY_VARIABLE_STAR,variable-star catalogue/tag + deep detection history at fixed position
ANT2020apc6e,alerted,285.65005,-1.10501,998,998,1606,2974.8,12.21,1,0.0,7.7,1125,0.23,2394.0,2mass_psc;allwise;asassn_variable_catalog;bright_guide_star_cat;gaia_dr2;gaia_dr3_gaia_source;gaia_dr3_variability;vsx,,asassn_variable_catalog;gaia_dr3_variability;vsx,high_amplitude_variable_star_candidate;high_flux_ratio_wrt_nn;high_snr;lc_feature_extractor;matheson_extreme_vpdf;sso_candidates,STATIONARY_VARIABLE_STAR,variable-star catalogue/tag + deep detection history at fixed position
ANT2020apde4,alerted,286.40227,-2.87823,1217,1217,1525,2982.9,12.24,2,0.0,1.68,1668.5,0.11,2413.0,2mass_psc;allwise;asassn_variable_catalog;asassn_variable_catalog_v2_20190802;bright_guide_star_cat;gaia_dr2;gaia_dr3_gaia_source;gaia_dr3_variability;vsx,,asassn_variable_catalog;asassn_variable_catalog_v2_20190802;gaia_dr3_variability;vsx,high_amplitude_variable_star_candidate;high_flux_ratio_wrt_nn;lc_feature_extractor;sso_candidates,STATIONARY_VARIABLE_STAR,variable-star catalogue/tag + deep detection history at fixed position
ANT2020apgmg,alerted,282.83432,-6.12105,737,737,1602,2927.0,14.2,1,0.0,6.76,620.5,0.2,1623.0,2mass_psc;allwise;asassn_variable_catalog;bright_guide_star_cat;gaia_dr2;gaia_dr3_gaia_source;gaia_dr3_variability;vsx,,asassn_variable_catalog;gaia_dr3_variability;vsx,high_snr;lc_feature_extractor;sso_candidates,STATIONARY_VARIABLE_STAR,variable-star catalogue/tag + deep detection history at fixed position
ANT2020aphka,alerted,282.88427,-12.4211,707,707,1201,2974.9,14.9,2,0.0,5.36,851.5,0.17,2301.0,2mass_psc;allwise;bright_guide_star_cat;gaia_dr2;gaia_dr3_gaia_source;gaia_dr3_variability;vsx,,gaia_dr3_variability;vsx,high_snr;lc_feature_extractor;sso_candidates,STATIONARY_VARIABLE_STAR,variable-star catalogue/tag + deep detection history at fixed position
ANT2020apozc,alerted,287.04112,-2.21803,900,900,1225,2974.8,12.43,1,0.0,6.35,1000,0.22,1542.0,2mass_psc;allwise;bright_guide_star_cat;gaia_dr2;gaia_dr3_gaia_source;gaia_dr3_variability;vsx,,gaia_dr3_variability;vsx,high_flux_ratio_wrt_nn;lc_feature_extractor;sso_candidates,STATIONARY_VARIABLE_STAR,variable-star catalogue/tag + deep detection history at fixed position
ANT2020aqfhi,alerted,292.67535,-7.45973,847,846,1074,2899.0,12.39,3,0.0,4.65,1096,0.12,2485.0,2mass_psc;allwise;asassn_variable_catalog;asassn_variable_catalog_v2_20190802;bright_guide_star_cat;gaia_dr2;gaia_dr3_gaia_source;gaia_dr3_variability,,asassn_variable_catalog;asassn_variable_catalog_v2_20190802;gaia_dr3_variability,high_amplitude_variable_star_candidate;high_flux_ratio_wrt_nn;high_snr;lc_feature_extractor;matheson_extreme_vpdf;sso_candidates,STATIONARY_VARIABLE_STAR,variable-star catalogue/tag + deep detection history at fixed position
ANT2020aswv2,alerted,182.31548,-1.91231,548,548,888,2743.7,15.07,6,0.02,4.08,485,0.17,2408.0,2mass_psc;allwise;asassn_variable_catalog;asassn_variable_catalog_v2_20190802;bright_guide_star_cat;csdr2;gaia_dr2;gaia_dr3_gaia_source;gaia_dr3_variability;linear_ll;sdss_stars;vsx,nyu_valueadded_gals,asassn_variable_catalog;asassn_variable_catalog_v2_20190802;csdr2;gaia_dr3_variability;linear_ll;vsx,desoto_classified;dwarf_nova_outburst;extragalactic;high_flux_ratio_wrt_nn;lc_feature_extractor;matheson_extreme_vpdf;sso_candidates,STATIONARY_VARIABLE_STAR,variable-star catalogue/tag + deep detection history at fixed position
ANT2020aszhy,alerted,209.78113,-16.70803,706,706,1369,2765.6,17.87,7,0.01,1.49,636,0.31,2396.0,2mass_psc;allwise;asassn_variable_catalog;asassn_variable_catalog_v2_20190802;bright_guide_star_cat;csdr2;gaia_dr2;gaia_dr3_gaia_source;gaia_dr3_variability;vsx,,asassn_variable_catalog;asassn_variable_catalog_v2_20190802;csdr2;gaia_dr3_variability;vsx,lc_feature_extractor;sso_candidates,STATIONARY_VARIABLE_STAR,variable-star catalogue/tag + deep detection history at fixed position
ANT2020atfbw,alerted,220.76857,-27.21922,200,200,469,2597.0,17.92,2,0.01,2.24,150.5,0.25,1219.0,2mass_psc;allwise;asassn_variable_catalog;asassn_variable_catalog_v2_20190802;bright_guide_star_cat;csdr2;gaia_dr2;gaia_dr3_gaia_source;gaia_dr3_variability;vsx,,asassn_variable_catalog;asassn_variable_catalog_v2_20190802;csdr2;gaia_dr3_variability;vsx,lc_feature_extractor;sso_candidates,STATIONARY_VARIABLE_STAR,variable-star catalogue/tag + deep detection history at fixed position
ANT2020au5dq,alerted,266.97005,-12.20388,835,835,1060,2728.7,12.26,2,0.0,5.09,964.0,0.1,2592.0,2mass_psc;allwise;asassn_variable_catalog;asassn_variable_catalog_v2_20190802;bright_guide_star_cat;gaia_dr2;gaia_dr3_gaia_source;gaia_dr3_variability,,asassn_variable_catalog;asassn_variable_catalog_v2_20190802;gaia_dr3_variability,high_amplitude_variable_star_candidate;high_flux_ratio_wrt_nn;high_snr;lc_feature_extractor;matheson_extreme_vpdf;recent_reddening;sso_candidates,STATIONARY_VARIABLE_STAR,variable-star catalogue/tag + deep detection history at fixed position
ANT2020auyng,alerted,264.1732,-10.24654,405,405,1201,2672.8,15.24,3,0.01,1.88,668.0,0.23,2336.0,2mass_psc;allwise;bright_guide_star_cat;gaia_dr2;gaia_dr3_gaia_source;gaia_dr3_variability;vsx,,gaia_dr3_variability;vsx,lc_feature_extractor;sso_candidates,STATIONARY_VARIABLE_STAR,variable-star catalogue/tag + deep detection history at fixed position
ANT2020av7ok,alerted,265.76241,-6.98999,710,710,1016,2728.7,12.45,1,0.0,6.29,701.5,0.13,2593.0,2mass_psc;allwise;asassn_variable_catalog;asassn_variable_catalog_v2_20190802;bright_guide_star_cat;gaia_dr2;gaia_dr3_gaia_source;gaia_dr3_variability,,asassn_variable_catalog;asassn_variable_catalog_v2_20190802;gaia_dr3_variability,high_flux_ratio_wrt_nn;high_snr;lc_feature_extractor;sso_candidates,STATIONARY_VARIABLE_STAR,variable-star catalogue/tag + deep detection history at fixed position
ANT2020avbu2,alerted,268.9593,-12.79672,868,868,1031,2728.7,12.47,4,0.01,4.7,1273.5,0.26,2571.0,2mass_psc;allwise;asassn_variable_catalog;asassn_variable_catalog_v2_20190802;bright_guide_star_cat;gaia_dr2;gaia_dr3_gaia_source;gaia_dr3_variability;vsx,,asassn_variable_catalog;asassn_variable_catalog_v2_20190802;gaia_dr3_variability;vsx,high_flux_ratio_wrt_nn;high_snr;lc_feature_extractor;sso_candidates,STATIONARY_VARIABLE_STAR,variable-star catalogue/tag + deep detection history at fixed position
ANT2020avcf6,alerted,269.72957,-11.99249,267,266,919,2901.9,17.09,2,0.01,3.52,337,1.28,2276.0,gaia_dr2;gaia_dr3_gaia_source,,,lc_feature_extractor;sso_candidates,STATIONARY_UNTYPED,"fixed-position source: deep history and/or reference counterpart, no variability catalogue"
ANT2020avcv2,alerted,268.89647,-13.14644,385,379,856,2658.8,15.55,5,0.01,4.61,629,0.35,2850.0,2mass_psc;allwise;bright_guide_star_cat;gaia_dr2;gaia_dr3_gaia_source;gaia_dr3_variability,,gaia_dr3_variability,lc_feature_extractor;sso_candidates,STATIONARY_VARIABLE_STAR,variable-star catalogue/tag + deep detection history at fixed position
ANT2020avdsy,alerted,268.95453,-13.05593,898,898,1032,2705.7,12.96,2,0.0,3.44,1235,0.1,2588.0,2mass_psc;allwise;asassn_variable_catalog;asassn_variable_catalog_v2_20190802;bright_guide_star_cat;gaia_dr2;gaia_dr3_gaia_source;gaia_dr3_variability;vsx,,asassn_variable_catalog;asassn_variable_catalog_v2_20190802;gaia_dr3_variability;vsx,high_amplitude_variable_star_candidate;high_flux_ratio_wrt_nn;high_snr;lc_feature_extractor;recent_reddening;sso_candidates,STATIONARY_VARIABLE_STAR,variable-star catalogue/tag + deep detection history at fixed position
ANT2020ax6eg,alerted,298.59848,8.00498,1847,1847,2690,2949.0,11.28,1,0.0,5.39,2254,0.17,2302.0,2mass_psc;allwise;asassn_variable_catalog;asassn_variable_catalog_v2_20190802;bright_guide_star_cat;gaia_dr2;gaia_dr3_gaia_source;gaia_dr3_variability;vsx,,asassn_variable_catalog;asassn_variable_catalog_v2_20190802;gaia_dr3_variability;vsx,high_amplitude_variable_star_candidate;high_flux_ratio_wrt_nn;high_snr;lc_feature_extractor;matheson_extreme_vpdf;sso_candidates,STATIONARY_VARIABLE_STAR,variable-star catalogue/tag + deep detection history at fixed position
ANT2020azj3i,alerted,311.53607,-5.71384,447,447,1040,2891.0,17.63,3,0.01,2.61,641.5,0.19,2266.0,2mass_psc;bright_guide_star_cat;gaia_dr2;gaia_dr3_gaia_source;gaia_dr3_variability;sdss_stars;vsx,,gaia_dr3_variability;vsx,high_flux_ratio_wrt_nn;lc_feature_extractor;matheson_extreme_vpdf;sso_candidates,STATIONARY_VARIABLE_STAR,variable-star catalogue/tag + deep detection history at fixed position
ANT2020b2a66,alerted,279.12205,-17.34295,396,395,827,2648.9,14.38,5,0.02,2.61,463.5,0.2,2624.0,2mass_psc;allwise;bright_guide_star_cat;gaia_dr2;gaia_dr3_gaia_source;gaia_dr3_variability,,gaia_dr3_variability,high_flux_ratio_wrt_nn;lc_feature_extractor;matheson_extreme_vpdf;sso_candidates,STATIONARY_VARIABLE_STAR,variable-star catalogue/tag + deep detection history at fixed position
ANT2020b2nla,alerted,288.99363,4.15094,926,926,1573,2956.9,15.7,1,0.0,3.16,849.0,0.29,2590.0,2mass_psc;allwise;bright_guide_star_cat;gaia_dr2;gaia_dr3_gaia_source;vsx,,vsx,lc_feature_extractor;sso_candidates,STATIONARY_VARIABLE_STAR,variable-star catalogue/tag + deep detection history at fixed position
ANT2020b2nsg,alerted,285.10686,-14.06952,519,519,967,2675.9,14.35,5,0.01,4.95,549.5,0.31,2530.0,2mass_psc;allwise;bright_guide_star_cat;gaia_dr2;gaia_dr3_gaia_source;gaia_dr3_variability,,gaia_dr3_variability,high_snr;lc_feature_extractor;sso_candidates,STATIONARY_VARIABLE_STAR,variable-star catalogue/tag + deep detection history at fixed position
ANT2020b2qai,alerted,279.37807,-20.27081,527,527,918,2933.0,13.8,6,0.01,4.07,572.5,0.24,2621.0,2mass_psc;allwise;bright_guide_star_cat;gaia_dr2;gaia_dr3_gaia_source;gaia_dr3_variability,,gaia_dr3_variability,high_flux_ratio_wrt_nn;high_snr;lc_feature_extractor;sso_candidates,STATIONARY_VARIABLE_STAR,variable-star catalogue/tag + deep detection history at fixed position
ANT2020b2wwa,alerted,280.45168,-19.2527,813,813,1623,2907.1,12.83,6,0.01,3.61,877.0,3.3,2639.0,2mass_psc;allwise;asassn_variable_catalog;asassn_variable_catalog_v2_20190802;gaia_dr2;gaia_dr3_gaia_source;gaia_dr3_variability;vsx,,asassn_variable_catalog;asassn_variable_catalog_v2_20190802;gaia_dr3_variability;vsx,high_amplitude_transient_candidate;high_amplitude_variable_star_candidate;high_flux_ratio_wrt_nn;high_snr;lc_feature_extractor;matheson_extreme_vpdf;sso_candidates,STATIONARY_VARIABLE_STAR,variable-star catalogue/tag + deep detection history at fixed position
ANT2020b2yly,alerted,278.22177,-15.52952,801,801,992,2925.0,14.39,3,0.0,5.82,1058.0,0.16,2589.0,2mass_psc;allwise;asassn_variable_catalog;asassn_variable_catalog_v2_20190802;bright_guide_star_cat;gaia_dr2;gaia_dr3_gaia_source;gaia_dr3_variability;vsx,,asassn_variable_catalog;asassn_variable_catalog_v2_20190802;gaia_dr3_variability;vsx,lc_feature_extractor;matheson_extreme_vpdf;sso_candidates,STATIONARY_VARIABLE_STAR,variable-star catalogue/tag + deep detection history at fixed position
ANT2020b3c6o,alerted,279.98356,-16.22658,476,476,1401,2675.8,14.16,2,0.01,4.02,446,0.25,2567.0,2mass_psc;allwise;bright_guide_star_cat;gaia_dr2;gaia_dr3_gaia_source;gaia_dr3_variability,,gaia_dr3_variability,lc_feature_extractor;sso_candidates,STATIONARY_VARIABLE_STAR,variable-star catalogue/tag + deep detection history at fixed position
ANT2020b3hqu,alerted,287.30276,-7.06632,541,539,1199,2918.9,15.11,1,0.0,3.59,515,0.26,2552.0,2mass_psc;allwise;bright_guide_star_cat;gaia_dr2;gaia_dr3_gaia_source;gaia_dr3_variability,,gaia_dr3_variability,lc_feature_extractor;sso_candidates,STATIONARY_VARIABLE_STAR,variable-star catalogue/tag + deep detection history at fixed position
ANT2020b3tmc,alerted,278.39494,-20.54885,970,970,2008,2925.0,12.19,4,0.01,6.27,987.0,0.31,2599.0,2mass_psc;asassn_variable_catalog;asassn_variable_catalog_v2_20190802;bright_guide_star_cat;gaia_dr2;gaia_dr3_gaia_source;gaia_dr3_variability;vsx,,asassn_variable_catalog;asassn_variable_catalog_v2_20190802;gaia_dr3_variability;vsx,high_amplitude_transient_candidate;high_amplitude_variable_star_candidate;high_flux_ratio_wrt_nn;high_snr;lc_feature_extractor;sso_candidates,STATIONARY_VARIABLE_STAR,variable-star catalogue/tag + deep detection history at fixed position
ANT2020b3w6u,alerted,280.00696,-17.20836,929,929,1889,2684.7,14.46,4,0.01,4.7,943.5,0.3,2611.0,2mass_psc;allwise;bright_guide_star_cat;gaia_dr2;gaia_dr3_gaia_source;gaia_dr3_variability,,gaia_dr3_variability,lc_feature_extractor;recent_reddening;sso_candidates,STATIONARY_VARIABLE_STAR,variable-star catalogue/tag + deep detection history at fixed position
ANT2020b3xp6,alerted,266.00156,-20.40154,256,249,1253,2652.9,14.76,2,0.01,5.53,299.5,0.22,1999.0,2mass_psc;allwise;bright_guide_star_cat;gaia_dr2;gaia_dr3_gaia_source;gaia_dr3_variability,,gaia_dr3_variability,lc_feature_extractor;sso_candidates,STATIONARY_VARIABLE_STAR,variable-star catalogue/tag + deep detection history at fixed position
ANT2020b4pvw,alerted,287.56863,-5.07263,991,991,2039,2982.9,16.24,2,0.01,4.36,1292.0,0.25,2512.0,2mass_psc;allwise;bright_guide_star_cat;gaia_dr2;gaia_dr3_gaia_source;gaia_dr3_variability;vsx,,gaia_dr3_variability;vsx,lc_feature_extractor;recent_reddening;sso_candidates,STATIONARY_VARIABLE_STAR,variable-star catalogue/tag + deep detection history at fixed position
ANT2020b5cqg,alerted,283.89241,-13.52187,1087,1087,1974,2694.7,14.24,5,0.01,1.35,1540,0.24,2541.0,2mass_psc;allwise;bright_guide_star_cat;gaia_dr2;gaia_dr3_gaia_source;gaia_dr3_variability,,gaia_dr3_variability,lantern_xgboost_t2.0.7_c0.95;lc_feature_extractor;sso_candidates,STATIONARY_VARIABLE_STAR,variable-star catalogue/tag + deep detection history at fixed position
ANT2020b5s2k,alerted,280.37589,1.94518,621,621,1380,2961.9,14.02,1,0.0,3.47,827.5,0.13,2694.0,2mass_psc;allwise;bright_guide_star_cat;gaia_dr2;gaia_dr3_gaia_source;gaia_dr3_variability;vsx,,gaia_dr3_variability;vsx,high_flux_ratio_wrt_nn;lc_feature_extractor;sso_candidates,STATIONARY_VARIABLE_STAR,variable-star catalogue/tag + deep detection history at fixed position
ANT2020b7ftc,alerted,263.09131,-17.89757,370,370,786,2901.0,14.6,3,0.01,3.64,299.5,0.37,2506.0,2mass_psc;allwise;asassn_variable_catalog_v2_20190802;bright_guide_star_cat;gaia_dr2;gaia_dr3_gaia_source;gaia_dr3_variability;vsx,,asassn_variable_catalog_v2_20190802;gaia_dr3_variability;vsx,lc_feature_extractor;sso_candidates,STATIONARY_VARIABLE_STAR,variable-star catalogue/tag + deep detection history at fixed position
ANT2020b7ukm,alerted,287.87508,-9.43712,510,510,1202,2959.9,17.74,2,0.0,2.78,524,0.24,2287.0,2mass_psc;bright_guide_star_cat;gaia_dr2;gaia_dr3_gaia_source;gaia_dr3_variability;vsx,,gaia_dr3_variability;vsx,lc_feature_extractor;recent_reddening;sso_candidates,STATIONARY_VARIABLE_STAR,variable-star catalogue/tag + deep detection history at fixed position
ANT2020b7wey,alerted,290.95867,-10.76078,691,691,1443,2974.9,16.07,3,0.01,4.94,837,0.32,2324.0,2mass_psc;bright_guide_star_cat;gaia_dr2;gaia_dr3_gaia_source;gaia_dr3_variability;vsx,,gaia_dr3_variability;vsx,lc_feature_extractor;sso_candidates,STATIONARY_VARIABLE_STAR,variable-star catalogue/tag + deep detection history at fixed position
ANT2020bentu,alerted,183.64218,13.95301,584,584,1332,2973.0,16.6,6,0.01,3.21,1248.5,0.25,2662.0,2mass_psc;allwise;asassn_variable_catalog;asassn_variable_catalog_v2_20190802;bright_guide_star_cat;csdr2;gaia_dr2;gaia_dr3_gaia_source;gaia_dr3_variability;linear_ll;sdss_stars;vsx,,asassn_variable_catalog;asassn_variable_catalog_v2_20190802;csdr2;gaia_dr3_variability;linear_ll;vsx,dwarf_nova_outburst;high_flux_ratio_wrt_nn;in_decam_shadow;in_shadow_virgo;lc_feature_extractor;matheson_extreme_vpdf;sso_candidates,STATIONARY_VARIABLE_STAR,variable-star catalogue/tag + deep detection history at fixed position
ANT2020bfgli,alerted,172.69673,-4.70645,386,386,1158,2721.6,15.68,2,0.01,3.77,241,0.36,1471.0,2mass_psc;allwise;asassn_variable_catalog;asassn_variable_catalog_v2_20190802;bright_guide_star_cat;csdr2;gaia_dr2;gaia_dr3_gaia_source;gaia_dr3_variability;sdss_stars;vsx,,asassn_variable_catalog;asassn_variable_catalog_v2_20190802;csdr2;gaia_dr3_variability;vsx,lc_feature_extractor;sso_candidates,STATIONARY_VARIABLE_STAR,variable-star catalogue/tag + deep detection history at fixed position
ANT2020bhioy,alerted,263.62722,-1.15579,674,674,1255,2719.8,16.66,1,0.0,4.46,1166.0,0.29,2575.0,2mass_psc;bright_guide_star_cat;gaia_dr2;gaia_dr3_gaia_source;gaia_dr3_variability;vsx,,gaia_dr3_variability;vsx,lc_feature_extractor;recent_reddening;sso_candidates,STATIONARY_VARIABLE_STAR,variable-star catalogue/tag + deep detection history at fixed position
ANT2020bijco,alerted,262.82019,-8.20242,834,828,1523,2735.7,14.27,3,0.01,4.29,1028,0.48,2506.0,2mass_psc;allwise;asassn_variable_catalog_v2_20190802;bright_guide_star_cat;gaia_dr2;gaia_dr3_gaia_source;gaia_dr3_variability;vsx,,asassn_variable_catalog_v2_20190802;gaia_dr3_variability;vsx,high_snr;lc_feature_extractor;sso_candidates,STATIONARY_VARIABLE_STAR,variable-star catalogue/tag + deep detection history at fixed position
ANT2020bjaoy,alerted,263.4802,-17.8717,471,471,801,2932.9,11.88,4,0.01,5.47,532,0.1,2542.0,2mass_psc;allwise;bright_guide_star_cat;gaia_dr2;gaia_dr3_gaia_source;gaia_dr3_variability,,gaia_dr3_variability,high_flux_ratio_wrt_nn;high_snr;lc_feature_extractor;sso_candidates,STATIONARY_VARIABLE_STAR,variable-star catalogue/tag + deep detection history at fixed position
ANT2020bjbr2,alerted,192.97597,-20.65778,588,588,1027,2701.7,16.78,1,0.0,1.74,689.5,0.26,2205.0,2mass_psc;allwise;asassn_variable_catalog;asassn_variable_catalog_v2_20190802;bright_guide_star_cat;csdr2;gaia_dr2;gaia_dr3_gaia_source;gaia_dr3_variability;vsx,,asassn_variable_catalog;asassn_variable_catalog_v2_20190802;csdr2;gaia_dr3_variability;vsx,lc_feature_extractor;sso_candidates,STATIONARY_VARIABLE_STAR,variable-star catalogue/tag + deep detection history at fixed position
ANT2020bjyzc,alerted,255.25948,-18.75447,626,626,884,2968.0,15.39,5,0.01,3.75,747,0.16,2598.0,2mass_psc;allwise;asassn_variable_catalog;asassn_variable_catalog_v2_20190802;bright_guide_star_cat;gaia_dr2;gaia_dr3_gaia_source;gaia_dr3_variability;vsx,,asassn_variable_catalog;asassn_variable_catalog_v2_20190802;gaia_dr3_variability;vsx,lc_feature_extractor;sso_candidates,STATIONARY_VARIABLE_STAR,variable-star catalogue/tag + deep detection history at fixed position
ANT2020bkcow,alerted,258.73333,-18.70511,883,883,1806,2962.9,16.02,6,0.01,3.89,961.5,0.2,2626.0,2mass_psc;asassn_variable_catalog;asassn_variable_catalog_v2_20190802;bright_guide_star_cat;gaia_dr2;gaia_dr3_gaia_source;gaia_dr3_variability;vsx,,asassn_variable_catalog;asassn_variable_catalog_v2_20190802;gaia_dr3_variability;vsx,high_flux_ratio_wrt_nn;lc_feature_extractor;matheson_extreme_vpdf;sso_candidates,STATIONARY_VARIABLE_STAR,variable-star catalogue/tag + deep detection history at fixed position
ANT2020bkpeu,alerted,283.02455,-10.00136,515,515,1073,2926.9,13.98,1,0.0,3.37,657,0.14,2540.0,2mass_psc;allwise;asassn_variable_catalog;asassn_variable_catalog_v2_20190802;bright_guide_star_cat;gaia_dr2;gaia_dr3_gaia_source;gaia_dr3_variability;vsx,,asassn_variable_catalog;asassn_variable_catalog_v2_20190802;gaia_dr3_variability;vsx,lc_feature_extractor;matheson_extreme_vpdf;sso_candidates,STATIONARY_VARIABLE_STAR,variable-star catalogue/tag + deep detection history at fixed position
ANT2020blntg,alerted,263.30714,-18.84727,427,427,898,2919.0,14.77,5,0.01,3.97,603,0.22,2555.0,2mass_psc;allwise;bright_guide_star_cat;gaia_dr2;gaia_dr3_gaia_source;gaia_dr3_variability;vsx,,gaia_dr3_variability;vsx,high_flux_ratio_wrt_nn;high_snr;lc_feature_extractor;sso_candidates,STATIONARY_VARIABLE_STAR,variable-star catalogue/tag + deep detection history at fixed position
ANT2020blrx4,alerted,267.90701,-8.66033,449,449,892,2705.6,15.9,2,0.0,2.3,523,0.21,1432.0,2mass_psc;allwise;bright_guide_star_cat;gaia_dr2;gaia_dr3_gaia_source;gaia_dr3_variability,,gaia_dr3_variability,high_amplitude_variable_star_candidate;high_flux_ratio_wrt_nn;lc_feature_extractor;sso_candidates,STATIONARY_VARIABLE_STAR,variable-star catalogue/tag + deep detection history at fixed position
ANT2020blwz4,alerted,200.19032,-18.60132,274,274,708,2618.0,15.03,1,0.0,3.98,167.5,0.24,1821.0,2mass_psc;allwise;asassn_variable_catalog;asassn_variable_catalog_v2_20190802;bright_guide_star_cat;csdr2;gaia_dr2;gaia_dr3_gaia_source;gaia_dr3_variability;vsx,,asassn_variable_catalog;asassn_variable_catalog_v2_20190802;csdr2;gaia_dr3_variability;vsx,lc_feature_extractor;sso_candidates,STATIONARY_VARIABLE_STAR,variable-star catalogue/tag + deep detection history at fixed position
ANT2020bm3wq,alerted,261.03647,-19.64425,775,775,1134,2926.0,12.55,1,0.0,5.69,1004.5,0.1,2559.0,2mass_psc;allwise;bright_guide_star_cat;gaia_dr2;gaia_dr3_gaia_source;gaia_dr3_variability,,gaia_dr3_variability,high_amplitude_variable_star_candidate;high_flux_ratio_wrt_nn;high_snr;lc_feature_extractor;matheson_extreme_vpdf;sso_candidates,STATIONARY_VARIABLE_STAR,variable-star catalogue/tag + deep detection history at fixed position
ANT2020bnf2c,alerted,274.27656,-5.875,827,827,1334,2976.9,11.89,1,0.0,,1419.5,0.15,2518.0,2mass_psc;allwise;bright_guide_star_cat;gaia_dr2;gaia_dr3_gaia_source;gaia_dr3_variability;vsx,,gaia_dr3_variability;vsx,high_amplitude_variable_star_candidate;high_flux_ratio_wrt_nn;high_snr;lc_feature_extractor;matheson_extreme_vpdf;sso_candidates,STATIONARY_VARIABLE_STAR,variable-star catalogue/tag + deep detection history at fixed position
ANT2020bnihy,alerted,262.19375,-15.42414,706,706,859,2263.8,15.66,9,0.02,4.59,744.0,0.21,2192.0,2mass_psc;allwise;bright_guide_star_cat;gaia_dr2;gaia_dr3_gaia_source;gaia_dr3_variability,,gaia_dr3_variability,high_snr;lc_feature_extractor;sso_candidates,STATIONARY_VARIABLE_STAR,variable-star catalogue/tag + deep detection history at fixed position
ANT2020bnsx2,alerted,244.76245,-7.37356,222,222,840,2967.9,18.38,2,0.01,1.23,281,0.33,2557.0,2mass_psc;allwise;asassn_variable_catalog;asassn_variable_catalog_v2_20190802;bright_guide_star_cat;csdr2;gaia_dr2;gaia_dr3_gaia_source;gaia_dr3_variability;vsx,,asassn_variable_catalog;asassn_variable_catalog_v2_20190802;csdr2;gaia_dr3_variability;vsx,lc_feature_extractor;sso_candidates,STATIONARY_VARIABLE_STAR,variable-star catalogue/tag + deep detection history at fixed position
ANT2020bod5o,alerted,265.66338,-14.04737,382,382,770,2897.0,15.49,3,0.01,4.32,642.5,0.36,2566.0,2mass_psc;allwise;bright_guide_star_cat;gaia_dr2;gaia_dr3_gaia_source;galex;vsx,,vsx,high_snr;lc_feature_extractor;sso_candidates,STATIONARY_VARIABLE_STAR,variable-star catalogue/tag + deep detection history at fixed position
ANT2020botpa,alerted,265.58203,-16.47324,134,134,378,2327.9,14.37,1,0.01,3.13,330.5,0.39,2577.0,2mass_psc;allwise;asassn_variable_catalog;asassn_variable_catalog_v2_20190802;bright_guide_star_cat;gaia_dr2;gaia_dr3_gaia_source;gaia_dr3_variability;vsx,,asassn_variable_catalog;asassn_variable_catalog_v2_20190802;gaia_dr3_variability;vsx,high_snr;lc_feature_extractor;sso_candidates,STATIONARY_VARIABLE_STAR,variable-star catalogue/tag + deep detection history at fixed position
ANT2020bpn7o,alerted,286.01272,-10.51361,788,788,996,2964.9,16.97,2,0.0,3.29,687.5,0.23,2501.0,2mass_psc;allwise;bright_guide_star_cat;gaia_dr2;gaia_dr3_gaia_source,,,lc_feature_extractor;sso_candidates,STATIONARY_UNTYPED,"fixed-position source: deep history and/or reference counterpart, no variability catalogue"
ANT2020brkc6,alerted,261.48854,-13.62479,438,438,933,2930.0,18.22,2,0.0,3.44,454.5,0.22,2608.0,2mass_psc;allwise;bright_guide_star_cat;gaia_dr2;gaia_dr3_gaia_source;gaia_dr3_variability;vsx,,gaia_dr3_variability;vsx,lantern_xgboost_t2.0.7_c0.95;lc_feature_extractor;lsst_scimma_quality_transient;sso_candidates,STATIONARY_VARIABLE_STAR,variable-star catalogue/tag + deep detection history at fixed position
ANT2020bts6g,alerted,268.32255,-18.49816,423,423,784,2623.9,13.1,3,0.01,2.73,451.0,0.16,2538.0,2mass_psc;allwise;bright_guide_star_cat;gaia_dr2;gaia_dr3_gaia_source;gaia_dr3_variability,,gaia_dr3_variability,high_amplitude_variable_star_candidate;high_flux_ratio_wrt_nn;lc_feature_extractor;matheson_extreme_vpdf;sso_candidates,STATIONARY_VARIABLE_STAR,variable-star catalogue/tag + deep detection history at fixed position
ANT2020buxn6,alerted,286.57235,-7.38654,259,259,1269,2622.8,16.99,2,0.01,3.67,231.5,0.31,2507.0,2mass_psc;allwise;bright_guide_star_cat;gaia_dr2;gaia_dr3_gaia_source;gaia_dr3_variability,,gaia_dr3_variability,lc_feature_extractor;sso_candidates,STATIONARY_VARIABLE_STAR,variable-star catalogue/tag + deep detection history at fixed position
ANT2020buyt6,alerted,275.16283,-20.01565,588,588,891,2898.0,12.91,8,0.02,4.94,535,0.14,2588.0,2mass_psc;allwise;asassn_variable_catalog;asassn_variable_catalog_v2_20190802;bright_guide_star_cat;gaia_dr2;gaia_dr3_gaia_source;gaia_dr3_variability;vsx,,asassn_variable_catalog;asassn_variable_catalog_v2_20190802;gaia_dr3_variability;vsx,high_amplitude_variable_star_candidate;high_flux_ratio_wrt_nn;high_snr;lc_feature_extractor;matheson_extreme_vpdf;sso_candidates,STATIONARY_VARIABLE_STAR,variable-star catalogue/tag + deep detection history at fixed position
ANT2020bvmhg,alerted,274.927,-18.23316,347,347,593,2670.8,16.78,5,0.01,3.03,309.5,0.31,2252.0,2mass_psc;bright_guide_star_cat;gaia_dr2;gaia_dr3_gaia_source;gaia_dr3_variability,,gaia_dr3_variability,lc_feature_extractor;sso_candidates,STATIONARY_VARIABLE_STAR,variable-star catalogue/tag + deep detection history at fixed position
ANT2020bwh6y,alerted,280.26731,-20.05911,514,514,1451,2907.0,15.78,8,0.02,4.04,678,0.37,2563.0,2mass_psc;allwise;bright_guide_star_cat;gaia_dr2;gaia_dr3_gaia_source;gaia_dr3_variability,,gaia_dr3_variability,lc_feature_extractor;sso_candidates,STATIONARY_VARIABLE_STAR,variable-star catalogue/tag + deep detection history at fixed position
ANT2020bwmfw,alerted,269.50484,-17.17598,426,421,749,2587.0,15.27,3,0.01,4.18,472.5,0.31,2599.0,2mass_psc;allwise;bright_guide_star_cat;gaia_dr2;gaia_dr3_gaia_source;gaia_dr3_variability,,gaia_dr3_variability,lc_feature_extractor;sso_candidates,STATIONARY_VARIABLE_STAR,variable-star catalogue/tag + deep detection history at fixed position
ANT2020bwwz6,alerted,280.35738,-17.16286,844,843,1722,2670.8,14.26,1,0.0,3.9,901.0,0.22,2616.0,2mass_psc;allwise;asassn_variable_catalog;asassn_variable_catalog_v2_20190802;bright_guide_star_cat;gaia_dr2;gaia_dr3_gaia_source;gaia_dr3_variability;vsx,,asassn_variable_catalog;asassn_variable_catalog_v2_20190802;gaia_dr3_variability;vsx,high_snr;lc_feature_extractor;sso_candidates,STATIONARY_VARIABLE_STAR,variable-star catalogue/tag + deep detection history at fixed position
ANT2020bx7qe,alerted,280.241,-18.63419,1100,1100,1774,2934.8,12.21,2,0.0,5.99,1437,0.11,2616.0,2mass_psc;allwise;asassn_variable_catalog;asassn_variable_catalog_v2_20190802;bright_guide_star_cat;gaia_dr2;gaia_dr3_gaia_source;gaia_dr3_variability;vsx,,asassn_variable_catalog;asassn_variable_catalog_v2_20190802;gaia_dr3_variability;vsx,high_flux_ratio_wrt_nn;high_snr;lc_feature_extractor;sso_candidates,STATIONARY_VARIABLE_STAR,variable-star catalogue/tag + deep detection history at fixed position
ANT2020bxflq,alerted,279.84568,-19.5237,453,453,931,2907.0,14.63,7,0.02,3.97,599.0,0.24,2613.0,2mass_psc;allwise;bright_guide_star_cat;gaia_dr2;gaia_dr3_gaia_source;gaia_dr3_variability;vsx,,gaia_dr3_variability;vsx,high_snr;lc_feature_extractor;sso_candidates,STATIONARY_VARIABLE_STAR,variable-star catalogue/tag + deep detection history at fixed position
ANT2020bxoua,alerted,280.08149,-18.55112,741,741,1750,2934.8,12.1,7,0.01,5.82,886,0.33,2348.0,2mass_psc;allwise;asassn_variable_catalog;asassn_variable_catalog_v2_20190802;bright_guide_star_cat;gaia_dr2;gaia_dr3_gaia_source;gaia_dr3_variability;vsx,,asassn_variable_catalog;asassn_variable_catalog_v2_20190802;gaia_dr3_variability;vsx,high_amplitude_variable_star_candidate;high_flux_ratio_wrt_nn;high_snr;lc_feature_extractor;matheson_extreme_vpdf;sso_candidates,STATIONARY_VARIABLE_STAR,variable-star catalogue/tag + deep detection history at fixed position
ANT2020by2ru,alerted,267.82533,-20.33182,488,488,780,2670.7,13.99,3,0.01,2.86,489.5,0.1,2606.0,2mass_psc;allwise;bright_guide_star_cat;gaia_dr2;gaia_dr3_gaia_source;gaia_dr3_variability,,gaia_dr3_variability,high_flux_ratio_wrt_nn;lc_feature_extractor;sso_candidates,STATIONARY_VARIABLE_STAR,variable-star catalogue/tag + deep detection history at fixed position
ANT2020bysy4,alerted,286.66901,-9.20824,618,618,1163,2927.0,16.69,7,0.01,3.41,604,0.27,2274.0,2mass_psc;allwise;bright_guide_star_cat;gaia_dr2;gaia_dr3_gaia_source,,,lc_feature_extractor;sso_candidates,STATIONARY_UNTYPED,"fixed-position source: deep history and/or reference counterpart, no variability catalogue"
ANT2020bz2mk,alerted,288.66182,-12.99214,645,645,1103,2921.1,13.88,3,0.0,5.76,631,0.3,2559.0,2mass_psc;allwise;asassn_variable_catalog_v2_20190802;bright_guide_star_cat;gaia_dr2;gaia_dr3_gaia_source;gaia_dr3_variability;vsx,,asassn_variable_catalog_v2_20190802;gaia_dr3_variability;vsx,high_snr;lc_feature_extractor;sso_candidates,STATIONARY_VARIABLE_STAR,variable-star catalogue/tag + deep detection history at fixed position
ANT2020caabs,alerted,286.00328,-19.31167,763,763,1130,2934.9,16.1,3,0.01,2.7,1170,0.18,2606.0,2mass_psc;allwise;asassn_variable_catalog_v2_20190802;bright_guide_star_cat;gaia_dr2;gaia_dr3_gaia_source;gaia_dr3_variability;vsx,,asassn_variable_catalog_v2_20190802;gaia_dr3_variability;vsx,dwarf_nova_outburst;lc_feature_extractor;matheson_extreme_vpdf;sso_candidates,STATIONARY_VARIABLE_STAR,variable-star catalogue/tag + deep detection history at fixed position
ANT2020cadl2,alerted,278.06472,-20.64631,758,758,2087,2925.0,12.7,9,0.02,4.33,869.5,0.14,2576.0,2mass_psc;allwise;asassn_variable_catalog;asassn_variable_catalog_v2_20190802;bright_guide_star_cat;gaia_dr2;gaia_dr3_gaia_source;gaia_dr3_variability;vsx,,asassn_variable_catalog;asassn_variable_catalog_v2_20190802;gaia_dr3_variability;vsx,high_flux_ratio_wrt_nn;lc_feature_extractor;sso_candidates,STATIONARY_VARIABLE_STAR,variable-star catalogue/tag + deep detection history at fixed position
ANT2020caumg,alerted,277.05624,-13.95203,249,249,735,2678.8,16.32,1,0.0,1.38,386.0,0.19,2547.0,2mass_psc;allwise;bright_guide_star_cat;gaia_dr2;gaia_dr3_gaia_source;gaia_dr3_variability,,gaia_dr3_variability,lc_feature_extractor;sso_candidates,STATIONARY_VARIABLE_STAR,variable-star catalogue/tag + deep detection history at fixed position
ANT2020cay64,alerted,277.26187,-19.95267,430,430,974,2933.0,14.34,4,0.01,4.91,571,0.11,2546.0,2mass_psc;allwise;asassn_variable_catalog;asassn_variable_catalog_v2_20190802;bright_guide_star_cat;gaia_dr2;gaia_dr3_gaia_source;gaia_dr3_variability,,asassn_variable_catalog;asassn_variable_catalog_v2_20190802;gaia_dr3_variability,high_amplitude_variable_star_candidate;high_flux_ratio_wrt_nn;lc_feature_extractor;matheson_extreme_vpdf;sso_candidates,STATIONARY_VARIABLE_STAR,variable-star catalogue/tag + deep detection history at fixed position
ANT2020caybw,alerted,281.63657,-20.27306,596,596,866,2907.1,12.97,10,0.02,3.9,717.5,0.08,2597.0,2mass_psc;allwise;asassn_variable_catalog;asassn_variable_catalog_v2_20190802;bright_guide_star_cat;gaia_dr2;gaia_dr3_gaia_source;gaia_dr3_variability;vsx,,asassn_variable_catalog;asassn_variable_catalog_v2_20190802;gaia_dr3_variability;vsx,high_amplitude_variable_star_candidate;high_flux_ratio_wrt_nn;lc_feature_extractor;lsst_scimma_quality_transient;matheson_extreme_vpdf;sso_candidates,STATIONARY_VARIABLE_STAR,variable-star catalogue/tag + deep detection history at fixed position
ANT2020caymq,alerted,266.55079,-18.47202,84,84,427,2616.0,15.41,2,0.04,4.14,89.5,0.35,1100.0,2mass_psc;allwise;bright_guide_star_cat;gaia_dr2;gaia_dr3_gaia_source;gaia_dr3_variability,,gaia_dr3_variability,lc_feature_extractor;sso_candidates,STATIONARY_VARIABLE_STAR,variable-star catalogue/tag + deep detection history at fixed position
ANT2020cb5qc,alerted,279.74328,-17.312,673,673,989,2680.8,14.63,8,0.01,2.73,787,0.23,2586.0,2mass_psc;allwise;bright_guide_star_cat;gaia_dr2;gaia_dr3_gaia_source;gaia_dr3_variability,,gaia_dr3_variability,lc_feature_extractor;sso_candidates,STATIONARY_VARIABLE_STAR,variable-star catalogue/tag + deep detection history at fixed position
ANT2020cbnt4,alerted,283.29107,-13.49019,1160,1160,2406,2934.9,12.34,5,0.01,5.52,1369,1.35,2560.0,2mass_psc;allwise;asassn_variable_catalog;asassn_variable_catalog_v2_20190802;bright_guide_star_cat;gaia_dr2;gaia_dr3_gaia_source;gaia_dr3_variability;vsx,,asassn_variable_catalog;asassn_variable_catalog_v2_20190802;gaia_dr3_variability;vsx,high_amplitude_transient_candidate;high_amplitude_variable_star_candidate;high_flux_ratio_wrt_nn;high_snr;lc_feature_extractor;lsst_scimma_quality_transient;sso_candidates,STATIONARY_VARIABLE_STAR,variable-star catalogue/tag + deep detection history at fixed position
ANT2020cbq7q,alerted,276.95447,-20.44941,308,308,930,2932.9,14.89,2,0.01,5.25,412.5,0.15,2529.0,2mass_psc;allwise;bright_guide_star_cat;gaia_dr2;gaia_dr3_gaia_source;gaia_dr3_variability,,gaia_dr3_variability,lc_feature_extractor;sso_candidates,STATIONARY_VARIABLE_STAR,variable-star catalogue/tag + deep detection history at fixed position
ANT2020cbtio,alerted,282.01278,-11.98049,490,490,1070,2964.7,15.59,5,0.01,5.11,861,0.32,2515.0,2mass_psc;allwise;bright_guide_star_cat;gaia_dr2;gaia_dr3_gaia_source;gaia_dr3_variability,,gaia_dr3_variability,lc_feature_extractor;sso_candidates,STATIONARY_VARIABLE_STAR,variable-star catalogue/tag + deep detection history at fixed position
ANT2020cdsis,alerted,261.65025,-17.53717,521,521,870,2916.0,12.21,5,0.01,5.12,792,0.15,2604.0,2mass_psc;allwise;asassn_variable_catalog;asassn_variable_catalog_v2_20190802;bright_guide_star_cat;gaia_dr2;gaia_dr3_gaia_source;gaia_dr3_variability;vsx,,asassn_variable_catalog;asassn_variable_catalog_v2_20190802;gaia_dr3_variability;vsx,high_amplitude_variable_star_candidate;high_flux_ratio_wrt_nn;high_snr;lc_feature_extractor;matheson_extreme_vpdf;sso_candidates,STATIONARY_VARIABLE_STAR,variable-star catalogue/tag + deep detection history at fixed position
ANT2020ckpj4,alerted,286.78698,-3.41425,718,718,1146,2296.8,17.31,2,0.0,3.37,697,0.49,2315.0,2mass_psc;allwise;bright_guide_star_cat;gaia_dr2;gaia_dr3_gaia_source,,,lc_feature_extractor;sso_candidates,STATIONARY_UNTYPED,"fixed-position source: deep history and/or reference counterpart, no variability catalogue"
ANT2020ckrc2,alerted,283.25059,5.76117,787,787,1437,2978.8,12.21,1,0.0,1.97,1071.5,0.14,2326.0,2mass_psc;allwise;bright_guide_star_cat;gaia_dr2;gaia_dr3_gaia_source;gaia_dr3_variability;vsx,,gaia_dr3_variability;vsx,high_amplitude_variable_star_candidate;high_flux_ratio_wrt_nn;lc_feature_extractor;matheson_extreme_vpdf;sso_candidates,STATIONARY_VARIABLE_STAR,variable-star catalogue/tag + deep detection history at fixed position
ANT2020co5y4,alerted,279.99194,-17.66982,1126,1126,1622,2907.1,16.56,7,0.01,2.56,1098.5,0.19,2514.0,2mass_psc;allwise;bright_guide_star_cat;gaia_dr2;gaia_dr3_gaia_source;gaia_dr3_variability,,gaia_dr3_variability,lc_feature_extractor;sso_candidates,STATIONARY_VARIABLE_STAR,variable-star catalogue/tag + deep detection history at fixed position
ANT2020co63s,alerted,276.02331,-19.73142,456,456,856,2932.9,16.93,4,0.01,2.93,432.5,0.17,2532.0,2mass_psc;allwise;bright_guide_star_cat;gaia_dr2;gaia_dr3_gaia_source,,,high_flux_ratio_wrt_nn;lc_feature_extractor;matheson_extreme_vpdf;sso_candidates,STATIONARY_VARIABLE_STAR,variable-star catalogue/tag + deep detection history at fixed position
ANT2020cpbae,alerted,279.06602,-19.15627,282,282,767,2634.9,14.57,6,0.02,3.27,411,0.29,2297.0,2mass_psc;allwise;bright_guide_star_cat;gaia_dr2;gaia_dr3_gaia_source;gaia_dr3_variability,,gaia_dr3_variability,lc_feature_extractor;sso_candidates,STATIONARY_VARIABLE_STAR,variable-star catalogue/tag + deep detection history at fixed position
ANT2020cpl6s,alerted,270.13923,-13.98843,441,441,1020,2919.1,15.95,2,0.0,4.24,493.5,0.19,2560.0,2mass_psc;allwise;bright_guide_star_cat;gaia_dr2;gaia_dr3_gaia_source;gaia_dr3_variability,,gaia_dr3_variability,lc_feature_extractor;sso_candidates,STATIONARY_VARIABLE_STAR,variable-star catalogue/tag + deep detection history at fixed position
ANT2020cpvmy,alerted,279.44966,-12.32019,345,345,995,2942.9,17.43,2,0.01,3.76,834,0.2,2282.0,2mass_psc;bright_guide_star_cat;gaia_dr2;gaia_dr3_gaia_source;gaia_dr3_variability,,gaia_dr3_variability,lc_feature_extractor;sso_candidates,STATIONARY_VARIABLE_STAR,variable-star catalogue/tag + deep detection history at fixed position
ANT2020d6tpg,alerted,273.64345,-17.70683,402,402,1218,2611.9,16.19,1,0.0,2.3,543.5,0.26,1966.0,2mass_psc;allwise;bright_guide_star_cat;gaia_dr2;gaia_dr3_gaia_source,,,lc_feature_extractor;recent_reddening;sso_candidates,STATIONARY_VARIABLE_STAR,variable-star catalogue/tag + deep detection history at fixed position
ANT2020d6v6a,alerted,274.32688,-20.36115,489,489,913,2933.0,15.17,2,0.01,4.15,635.0,0.09,2613.0,2mass_psc;allwise;bright_guide_star_cat;gaia_dr2;gaia_dr3_gaia_source,,,lc_feature_extractor;recent_reddening;sso_candidates,STATIONARY_VARIABLE_STAR,variable-star catalogue/tag + deep detection history at fixed position
ANT2020dxiry,alerted,266.08533,-15.30561,614,614,1610,2926.0,14.33,7,0.02,3.34,583,0.31,2580.0,2mass_psc;allwise;bright_guide_star_cat;gaia_dr2;gaia_dr3_gaia_source;gaia_dr3_variability;vsx,,gaia_dr3_variability;vsx,high_snr;lc_feature_extractor;sso_candidates,STATIONARY_VARIABLE_STAR,variable-star catalogue/tag + deep detection history at fixed position
ANT2020dzz7u,alerted,223.5891,15.42915,436,434,1915,2934.0,17.18,1,0.0,0.3,670.0,0.29,2513.0,2mass_psc;allwise;bright_guide_star_cat;gaia_dr2;gaia_dr3_gaia_source;gaia_dr3_variability;gaia_edr3_distances_bailer_jones;sdss_stars,,gaia_dr3_variability,lc_feature_extractor;sso_candidates,STATIONARY_VARIABLE_STAR,variable-star catalogue/tag + deep detection history at fixed position
ANT2020ecvps,alerted,185.77951,1.08647,702,702,2093,2978.9,16.76,4,0.01,3.23,438.0,0.26,1622.0,2mass_psc;allwise;asassn_variable_catalog;asassn_variable_catalog_v2_20190802;bright_guide_star_cat;csdr2;gaia_dr2;gaia_dr3_gaia_source;gaia_dr3_variability;sdss_stars;vsx,,asassn_variable_catalog;asassn_variable_catalog_v2_20190802;csdr2;gaia_dr3_variability;vsx,lc_feature_extractor;sso_candidates,STATIONARY_VARIABLE_STAR,variable-star catalogue/tag + deep detection history at fixed position
ANT2020ee44i,alerted,276.09031,-19.86262,403,403,782,2686.8,15.83,5,0.01,2.12,417,0.27,2537.0,2mass_psc;allwise;bright_guide_star_cat;gaia_dr2;gaia_dr3_gaia_source;gaia_dr3_variability,,gaia_dr3_variability,lc_feature_extractor;sso_candidates,STATIONARY_VARIABLE_STAR,variable-star catalogue/tag + deep detection history at fixed position
ANT2020efoiu,alerted,282.02432,-12.1755,290,288,714,2899.0,15.68,3,0.01,2.62,275.0,0.19,2435.0,2mass_psc;allwise;bright_guide_star_cat;gaia_dr2;gaia_dr3_gaia_source;gaia_dr3_variability;vsx,,gaia_dr3_variability;vsx,lc_feature_extractor;sso_candidates,STATIONARY_VARIABLE_STAR,variable-star catalogue/tag + deep detection history at fixed position
ANT2020efpmi,alerted,275.75094,-18.09574,147,143,670,2915.0,15.29,2,0.01,4.83,214,0.3,2117.0,2mass_psc;allwise;asassn_variable_catalog;asassn_variable_catalog_v2_20190802;bright_guide_star_cat;gaia_dr2;gaia_dr3_gaia_source;gaia_dr3_variability;vsx,,asassn_variable_catalog;asassn_variable_catalog_v2_20190802;gaia_dr3_variability;vsx,lc_feature_extractor;sso_candidates,STATIONARY_VARIABLE_STAR,variable-star catalogue/tag + deep detection history at fixed position
ANT2020ehvgm,alerted,270.63458,-14.84268,560,557,966,2920.0,14.27,3,0.01,2.26,717.5,0.24,2471.0,2mass_psc;allwise;bright_guide_star_cat;gaia_dr2;gaia_dr3_gaia_source,,,high_flux_ratio_wrt_nn;lc_feature_extractor;sso_candidates,STATIONARY_UNTYPED,"fixed-position source: deep history and/or reference counterpart, no variability catalogue"
ANT2020el6du,alerted,279.33145,-10.66794,438,438,1068,2675.7,14.78,4,0.02,2.72,556,0.28,2209.0,2mass_psc;allwise;bright_guide_star_cat;gaia_dr2;gaia_dr3_gaia_source;gaia_dr3_variability,,gaia_dr3_variability,lc_feature_extractor;sso_candidates,STATIONARY_VARIABLE_STAR,variable-star catalogue/tag + deep detection history at fixed position
ANT2020elvtq,alerted,271.68234,-17.14411,756,756,952,2279.8,17.28,10,0.01,3.49,589,0.36,2187.0,2mass_psc;bright_guide_star_cat;gaia_dr2;gaia_dr3_gaia_source,tns_public_objects,,lc_feature_extractor;sso_candidates,STATIONARY_EXTRAGALACTIC,galaxy/AGN catalogue or extragalactic tag + fixed-position history
ANT2020elvvu,alerted,282.35493,0.28142,937,928,1797,2954.9,13.54,2,0.0,5.4,1118.0,0.26,2622.0,2mass_psc;allwise;asassn_variable_catalog;asassn_variable_catalog_v2_20190802;bright_guide_star_cat;gaia_dr2;gaia_dr3_gaia_source;gaia_dr3_variability;vsx,,asassn_variable_catalog;asassn_variable_catalog_v2_20190802;gaia_dr3_variability;vsx,high_flux_ratio_wrt_nn;lc_feature_extractor;matheson_extreme_vpdf;sso_candidates,STATIONARY_VARIABLE_STAR,variable-star catalogue/tag + deep detection history at fixed position
ANT2020emgz4,alerted,285.57829,-10.53037,857,857,1181,2967.9,13.4,6,0.01,6.94,909.5,0.11,2549.0,2mass_psc;allwise;asassn_variable_catalog;asassn_variable_catalog_v2_20190802;bright_guide_star_cat;gaia_dr2;gaia_dr3_gaia_source;gaia_dr3_variability;vsx,,asassn_variable_catalog;asassn_variable_catalog_v2_20190802;gaia_dr3_variability;vsx,high_amplitude_variable_star_candidate;high_flux_ratio_wrt_nn;lc_feature_extractor;matheson_extreme_vpdf;sso_candidates,STATIONARY_VARIABLE_STAR,variable-star catalogue/tag + deep detection history at fixed position
ANT2020f2r6s,alerted,138.77172,19.29379,864,861,1089,2735.8,13.15,5,0.01,7.2,1288,0.16,2553.0,2mass_psc;allwise;asassn_variable_catalog;asassn_variable_catalog_v2_20190802;bright_guide_star_cat;csdr2;gaia_dr2;gaia_dr3_gaia_source;gaia_dr3_variability;gaia_edr3_distances_bailer_jones;sdss_stars;vsx,,asassn_variable_catalog;asassn_variable_catalog_v2_20190802;csdr2;gaia_dr3_variability;vsx,high_amplitude_variable_star_candidate;high_flux_ratio_wrt_nn;high_snr;lc_feature_extractor;matheson_extreme_vpdf;recent_reddening;siena_mag_coord_cut;sso_candidates,STATIONARY_VARIABLE_STAR,variable-star catalogue/tag + deep detection history at fixed position
ANT2020gjgva,alerted,152.83853,5.17707,1001,1001,1351,2713.7,17.11,3,0.01,4.38,1069.5,0.25,2532.0,2mass_psc;allwise;asassn_variable_catalog;bright_guide_star_cat;csdr2;gaia_dr2;gaia_dr3_gaia_source;gaia_dr3_variability;linear_ll;sdss_stars;vsx,,asassn_variable_catalog;csdr2;gaia_dr3_variability;linear_ll;vsx,lc_feature_extractor;sso_candidates,STATIONARY_VARIABLE_STAR,variable-star catalogue/tag + deep detection history at fixed position
ANT2020gprek,alerted,147.42321,12.86345,410,408,1068,2740.6,17.89,6,0.02,3.71,380,0.27,2278.0,2mass_psc;allwise;bright_guide_star_cat;gaia_dr2;gaia_dr3_gaia_source;gaia_edr3_distances_bailer_jones;sdss_stars,,,lc_feature_extractor;sso_candidates,STATIONARY_UNTYPED,"fixed-position source: deep history and/or reference counterpart, no variability catalogue"
ANT2020hfqp2,alerted,165.84017,10.75003,405,405,1021,2750.7,16.62,5,0.02,3.3,447.5,0.23,2444.0,2mass_psc;allwise;asassn_variable_catalog;asassn_variable_catalog_v2_20190802;bright_guide_star_cat;csdr2;gaia_dr2;gaia_dr3_gaia_source;gaia_dr3_variability;linear_ll;sdss_stars;vsx,,asassn_variable_catalog;asassn_variable_catalog_v2_20190802;csdr2;gaia_dr3_variability;linear_ll;vsx,high_amplitude_variable_star_candidate;high_flux_ratio_wrt_nn;lc_feature_extractor;matheson_extreme_vpdf;siena_mag_coord_cut;sso_candidates,STATIONARY_VARIABLE_STAR,variable-star catalogue/tag + deep detection history at fixed position
ANT2020hnj2u,alerted,153.51488,-3.42311,529,528,876,2703.7,16.47,2,0.0,3.04,498.5,0.34,2497.0,2mass_psc;allwise;asassn_variable_catalog;asassn_variable_catalog_v2_20190802;bright_guide_star_cat;csdr2;gaia_dr2;gaia_dr3_gaia_source;gaia_dr3_variability;vsx,,asassn_variable_catalog;asassn_variable_catalog_v2_20190802;csdr2;gaia_dr3_variability;vsx,lc_feature_extractor;sso_candidates;sso_confirmed,STATIONARY_VARIABLE_STAR,variable-star catalogue/tag + deep detection history at fixed position
ANT2020i6usu,alerted,272.59833,-13.56001,198,198,899,2304.8,16.33,1,0.01,1.63,360,0.22,2835.0,2mass_psc;allwise;bright_guide_star_cat;gaia_dr2;gaia_dr3_gaia_source;gaia_dr3_variability,,gaia_dr3_variability,lc_feature_extractor;sso_candidates,STATIONARY_VARIABLE_STAR,variable-star catalogue/tag + deep detection history at fixed position
ANT2020ihtos,alerted,267.68319,-10.62825,364,362,949,2708.7,15.84,2,0.01,5.04,618.0,0.27,2833.0,2mass_psc;allwise;bright_guide_star_cat;gaia_dr2;gaia_dr3_gaia_source;gaia_dr3_variability,,gaia_dr3_variability,lc_feature_extractor;sso_candidates,STATIONARY_VARIABLE_STAR,variable-star catalogue/tag + deep detection history at fixed position
ANT2020ioh3w,alerted,282.19425,-11.90802,334,333,859,2598.8,17.12,4,0.01,3.74,317,0.34,2298.0,2mass_psc;allwise;bright_guide_star_cat;gaia_dr2;gaia_dr3_gaia_source,,,lc_feature_extractor;sso_candidates,STATIONARY_UNTYPED,"fixed-position source: deep history and/or reference counterpart, no variability catalogue"
ANT2020k5cqk,alerted,153.50208,19.77066,277,277,681,2330.7,17.56,4,0.03,2.88,376,0.29,2333.0,2mass_psc;allwise;bright_guide_star_cat;gaia_dr2;gaia_dr3_gaia_source;gaia_edr3_distances_bailer_jones,2mass_xsc;ned;nyu_valueadded_gals;sdss_gals;veron_agn_qso,,extragalactic;lc_feature_extractor;nuclear_transient;sso_candidates,STATIONARY_EXTRAGALACTIC,galaxy/AGN catalogue or extragalactic tag + fixed-position history
ANT2020o6toq,alerted,266.50679,-19.60535,130,130,661,2615.9,17.59,3,0.03,1.94,116,0.24,2581.0,2mass_psc;asassn_variable_catalog;asassn_variable_catalog_v2_20190802;bright_guide_star_cat;gaia_dr2;gaia_dr3_gaia_source;gaia_dr3_variability;vsx,,asassn_variable_catalog;asassn_variable_catalog_v2_20190802;gaia_dr3_variability;vsx,lc_feature_extractor;sso_candidates,STATIONARY_VARIABLE_STAR,variable-star catalogue/tag + deep detection history at fixed position
ANT2020s2tq,alerted,287.53665,-10.40356,768,766,1069,2974.9,16.26,2,0.0,3.62,1033,0.23,2306.0,2mass_psc;allwise;bright_guide_star_cat;gaia_dr2;gaia_dr3_gaia_source;gaia_dr3_variability;vsx,,gaia_dr3_variability;vsx,lc_feature_extractor;recent_reddening;sso_candidates,STATIONARY_VARIABLE_STAR,variable-star catalogue/tag + deep detection history at fixed position
ANT2020sjza,alerted,289.26008,-6.25656,618,618,1802,2911.9,15.79,3,0.0,2.08,390,0.23,1503.0,2mass_psc;allwise;bright_guide_star_cat;gaia_dr2;gaia_dr3_gaia_source;gaia_dr3_variability,,gaia_dr3_variability,lc_feature_extractor;sso_candidates,STATIONARY_VARIABLE_STAR,variable-star catalogue/tag + deep detection history at fixed position
ANT2020t3sa,alerted,274.43462,-6.55988,810,810,1098,2978.9,13.25,3,0.0,5.89,1599.0,0.13,2622.0,2mass_psc;allwise;bright_guide_star_cat;gaia_dr2;gaia_dr3_gaia_source;gaia_dr3_variability;vsx,,gaia_dr3_variability;vsx,high_amplitude_transient_candidate;high_amplitude_variable_star_candidate;high_flux_ratio_wrt_nn;lc_feature_extractor;matheson_extreme_vpdf;sso_candidates,STATIONARY_VARIABLE_STAR,variable-star catalogue/tag + deep detection history at fixed position
ANT2020ttqq,alerted,286.2349,-11.98052,811,811,1074,2961.9,12.12,2,0.0,7.26,797.5,0.19,2297.0,2mass_psc;allwise;bright_guide_star_cat;gaia_dr2;gaia_dr3_gaia_source;gaia_dr3_variability;vsx,,gaia_dr3_variability;vsx,high_amplitude_variable_star_candidate;high_flux_ratio_wrt_nn;high_snr;lc_feature_extractor;matheson_extreme_vpdf;sso_candidates,STATIONARY_VARIABLE_STAR,variable-star catalogue/tag + deep detection history at fixed position
ANT2020tyoa,alerted,289.12787,-12.85726,791,790,1482,2908.0,14.73,8,0.01,3.46,786,0.23,2535.0,2mass_psc;allwise;bright_guide_star_cat;gaia_dr2;gaia_dr3_gaia_source;gaia_dr3_variability,,gaia_dr3_variability,high_snr;lc_feature_extractor;sso_candidates,STATIONARY_VARIABLE_STAR,variable-star catalogue/tag + deep detection history at fixed position
ANT2020uaxq,alerted,294.57061,-0.11448,830,830,1272,2903.0,14.81,1,0.0,2.57,541,0.2,1475.0,2mass_psc;allwise;bright_guide_star_cat;gaia_dr2;gaia_dr3_gaia_source;gaia_dr3_variability;vsx,,gaia_dr3_variability;vsx,high_snr;lc_feature_extractor;sso_candidates,STATIONARY_VARIABLE_STAR,variable-star catalogue/tag + deep detection history at fixed position
ANT2020usha,alerted,271.98002,-13.05608,901,901,1099,2981.0,13.96,5,0.01,5.56,1249,0.19,2655.0,2mass_psc;allwise;bright_guide_star_cat;gaia_dr2;gaia_dr3_gaia_source;gaia_dr3_variability;vsx,,gaia_dr3_variability;vsx,high_amplitude_variable_star_candidate;high_flux_ratio_wrt_nn;high_snr;lc_feature_extractor;matheson_extreme_vpdf;sso_candidates,STATIONARY_VARIABLE_STAR,variable-star catalogue/tag + deep detection history at fixed position
ANT2020uwdq,alerted,287.31826,-11.89213,157,156,1224,2671.9,16.47,2,0.02,4.21,191.0,0.4,2348.0,2mass_psc;allwise;bright_guide_star_cat;gaia_dr2;gaia_dr3_gaia_source;gaia_dr3_variability;vsx,,gaia_dr3_variability;vsx,lc_feature_extractor;sso_candidates,STATIONARY_VARIABLE_STAR,variable-star catalogue/tag + deep detection history at fixed position
ANT2020vksc4,alerted,281.65864,-8.22616,336,336,776,2668.8,14.45,2,0.01,5.27,355,0.1,2283.0,2mass_psc;allwise;bright_guide_star_cat;gaia_dr2;gaia_dr3_gaia_source;gaia_dr3_variability,,gaia_dr3_variability,high_amplitude_variable_star_candidate;high_flux_ratio_wrt_nn;lc_feature_extractor;matheson_extreme_vpdf;sso_candidates,STATIONARY_VARIABLE_STAR,variable-star catalogue/tag + deep detection history at fixed position
ANT2020w2da,alerted,287.01682,-8.76468,725,725,1123,2966.9,12.9,1,0.0,4.98,744.0,0.12,2412.0,2mass_psc;allwise;bright_guide_star_cat;gaia_dr2;gaia_dr3_gaia_source;gaia_dr3_variability;vsx,,gaia_dr3_variability;vsx,high_flux_ratio_wrt_nn;high_snr;lc_feature_extractor;nuclear_transient;sso_candidates,STATIONARY_VARIABLE_STAR,variable-star catalogue/tag + deep detection history at fixed position
ANT2020xooq,alerted,287.25124,-13.43984,1277,1275,3496,2961.9,17.11,6,0.01,2.48,1976.0,0.22,2561.0,2mass_psc;allwise;bright_guide_star_cat;gaia_dr2;gaia_dr3_gaia_source;gaia_dr3_variability;vsx,,gaia_dr3_variability;vsx,lc_feature_extractor;recent_reddening;sso_candidates,STATIONARY_VARIABLE_STAR,variable-star catalogue/tag + deep detection history at fixed position
ANT2020yejq,alerted,289.36084,-6.00104,430,430,1132,2916.1,18.41,2,0.01,3.16,632,0.16,2256.0,2mass_psc;bright_guide_star_cat;gaia_dr2;gaia_dr3_gaia_source;vsx,,vsx,high_flux_ratio_wrt_nn;lc_feature_extractor;sso_candidates,STATIONARY_VARIABLE_STAR,variable-star catalogue/tag + deep detection history at fixed position
ANT2020yh7a,alerted,271.44543,-12.10375,820,819,1131,2983.9,12.08,1,0.0,5.82,1090,0.11,2335.0,2mass_psc;allwise;asassn_variable_catalog;asassn_variable_catalog_v2_20190802;bright_guide_star_cat;gaia_dr2;gaia_dr3_gaia_source;gaia_dr3_variability;vsx,,asassn_variable_catalog;asassn_variable_catalog_v2_20190802;gaia_dr3_variability;vsx,high_flux_ratio_wrt_nn;high_snr;lc_feature_extractor;sso_candidates,STATIONARY_VARIABLE_STAR,variable-star catalogue/tag + deep detection history at fixed position
ANT2020z2ta,alerted,285.26646,-13.05895,695,695,1034,2953.9,14.37,2,0.0,4.76,599,0.17,2306.0,2mass_psc;allwise;bright_guide_star_cat;gaia_dr2;gaia_dr3_gaia_source;gaia_dr3_variability;vsx,,gaia_dr3_variability;vsx,high_snr;lc_feature_extractor;sso_candidates,STATIONARY_VARIABLE_STAR,variable-star catalogue/tag + deep detection history at fixed position
ANT2021hb5oa,alerted,289.1389,-6.13604,1371,1371,1966,2006.7,16.49,2,0.0,2.17,1344,0.37,2286.0,2mass_psc;allwise;bright_guide_star_cat;gaia_dr2;gaia_dr3_gaia_source;gaia_dr3_variability,,gaia_dr3_variability,lc_feature_extractor;sso_candidates,STATIONARY_VARIABLE_STAR,variable-star catalogue/tag + deep detection history at fixed position
